folio,cliente_id,cliente_nombre,industria,segmento,ejecutivo,fecha_emision,fecha_vencimiento,dias_mora,tramo_mora,monto_original,monto_pagado,saldo_deudor,estado,region
10001,C011,Agrícola Valle Verde SpA,Agricultura,Mediana,Carlos Rojas,2023-04-25,2023-05-25,646,>180 días,14310000.0,4858000.0,9452000.0,Acuerdo de Pago,Valparaíso
10002,C003,Clínica Santa María SpA,Salud,Mediana,Valentina Soto,2025-01-24,2025-02-23,6,0-30 días,3184000.0,0.0,3184000.0,En Gestión,Metropolitana
10003,C010,Tecnologías del Pacífico Ltda.,TI,Pequeña,Carlos Rojas,2024-03-08,2024-04-07,328,>180 días,2153000.0,4000.0,2149000.0,Castigada,Valparaíso
10004,C009,Minera Altiplano S.A.,Minería,Grande,Valentina Soto,2024-09-08,2024-10-08,144,91-180 días,77743000.0,1414000.0,76329000.0,Castigada,Antofagasta
10005,C004,Transportes Rápido Ltda.,Logística,Pequeña,María González,2024-04-04,2024-06-03,271,>180 días,1622000.0,442000.0,1180000.0,Acuerdo de Pago,Valparaíso
10006,C012,Ferretería Industrial Ltda.,Comercio,Pequeña,Carlos Rojas,2024-03-08,2024-05-07,298,>180 días,505000.0,15000.0,490000.0,Castigada,Biobío
10007,C002,Supermercados Del Sur S.A.,Retail,Grande,Paola Muñoz,2023-04-05,2023-07-04,606,>180 días,32477000.0,648000.0,31829000.0,Castigada,Araucanía
10008,C005,Inmobiliaria Horizonte S.A.,Inmobiliaria,Mediana,Andrés Torres,2023-02-14,2023-05-15,656,>180 días,9294000.0,565000.0,8729000.0,Castigada,Metropolitana
10009,C009,Minera Altiplano S.A.,Minería,Grande,María González,2023-10-28,2023-12-27,430,>180 días,17789000.0,1718000.0,16071000.0,Castigada,Metropolitana
10010,C011,Agrícola Valle Verde SpA,Agricultura,Mediana,Carlos Rojas,2023-08-22,2023-10-21,497,>180 días,5265000.0,1967000.0,3298000.0,Acuerdo de Pago,Metropolitana
10011,C007,Restaurante El Huerto SpA,Gastronomía,Pequeña,Paola Muñoz,2023-10-12,2024-01-10,416,>180 días,1536000.0,5000.0,1531000.0,Castigada,Valparaíso
10012,C006,Farmacia Cruz Verde S.A.,Retail,Grande,María González,2023-12-30,2024-02-13,382,>180 días,73199000.0,16447000.0,56752000.0,Acuerdo de Pago,Araucanía
10013,C011,Agrícola Valle Verde SpA,Agricultura,Mediana,Andrés Torres,2023-06-25,2023-08-09,570,>180 días,8654000.0,839000.0,7815000.0,Castigada,Biobío
10014,C015,Servicios Generales del Sur,Servicios,Pequeña,María González,2024-10-17,2024-12-01,90,61-90 días,2695000.0,914000.0,1781000.0,Acuerdo de Pago,Valparaíso
10015,C014,Hotel Costanera SpA,Turismo,Mediana,María González,2023-02-02,2023-04-03,698,>180 días,2239000.0,10000.0,2229000.0,Castigada,Valparaíso
10016,C015,Servicios Generales del Sur,Servicios,Pequeña,Andrés Torres,2024-08-03,2024-10-02,150,91-180 días,887000.0,383000.0,504000.0,Acuerdo de Pago,Antofagasta
10017,C015,Servicios Generales del Sur,Servicios,Pequeña,Carlos Rojas,2024-10-20,2025-01-18,42,31-60 días,1674000.0,0.0,1674000.0,En Gestión,Valparaíso
10018,C012,Ferretería Industrial Ltda.,Comercio,Pequeña,Andrés Torres,2024-07-28,2024-09-26,156,91-180 días,316000.0,0.0,316000.0,En Gestión,Araucanía
10019,C007,Restaurante El Huerto SpA,Gastronomía,Pequeña,Carlos Rojas,2024-01-06,2024-02-20,375,>180 días,676000.0,69000.0,607000.0,Acuerdo de Pago,Araucanía
10020,C008,Corporación Educacional Norte,Educación,Mediana,Carlos Rojas,2023-04-04,2023-05-04,667,>180 días,10896000.0,4451000.0,6445000.0,Acuerdo de Pago,Valparaíso
10021,C013,Seguros Continental S.A.,Seguros,Grande,Andrés Torres,2024-11-27,2025-02-25,4,0-30 días,10553000.0,0.0,10553000.0,Vencida,Antofagasta
10022,C010,Tecnologías del Pacífico Ltda.,TI,Pequeña,María González,2024-04-24,2024-06-23,251,>180 días,1060000.0,133000.0,927000.0,Acuerdo de Pago,Metropolitana
10023,C011,Agrícola Valle Verde SpA,Agricultura,Mediana,Paola Muñoz,2024-07-03,2024-09-01,181,>180 días,5553000.0,1971000.0,3582000.0,Acuerdo de Pago,Metropolitana
10024,C005,Inmobiliaria Horizonte S.A.,Inmobiliaria,Mediana,Paola Muñoz,2024-03-21,2024-05-05,300,>180 días,7611000.0,543000.0,7068000.0,Castigada,Araucanía
10025,C013,Seguros Continental S.A.,Seguros,Grande,Paola Muñoz,2023-07-02,2023-08-01,578,>180 días,62059000.0,18464000.0,43595000.0,Acuerdo de Pago,Araucanía
10026,C010,Tecnologías del Pacífico Ltda.,TI,Pequeña,Carlos Rojas,2023-07-23,2023-09-06,542,>180 días,174000.0,2000.0,172000.0,Castigada,Araucanía
10027,C013,Seguros Continental S.A.,Seguros,Grande,Andrés Torres,2024-06-27,2024-07-27,217,>180 días,7357000.0,374000.0,6983000.0,Castigada,Metropolitana
10028,C002,Supermercados Del Sur S.A.,Retail,Grande,Carlos Rojas,2024-01-07,2024-03-07,359,>180 días,73067000.0,5521000.0,67546000.0,Castigada,Araucanía
10029,C002,Supermercados Del Sur S.A.,Retail,Grande,Valentina Soto,2023-03-29,2023-06-27,613,>180 días,22160000.0,3645000.0,18515000.0,Acuerdo de Pago,Valparaíso
10030,C003,Clínica Santa María SpA,Salud,Mediana,Carlos Rojas,2024-11-06,2025-02-04,25,0-30 días,12314000.0,0.0,12314000.0,En Gestión,Biobío
10031,C009,Minera Altiplano S.A.,Minería,Grande,Valentina Soto,2024-09-13,2024-12-12,79,61-90 días,70360000.0,0.0,70360000.0,Vencida,Valparaíso
10032,C012,Ferretería Industrial Ltda.,Comercio,Pequeña,Paola Muñoz,2023-11-16,2024-02-14,381,>180 días,2442000.0,1120000.0,1322000.0,Acuerdo de Pago,Antofagasta
10033,C015,Servicios Generales del Sur,Servicios,Pequeña,Carlos Rojas,2024-06-13,2024-09-11,171,91-180 días,761000.0,206000.0,555000.0,Acuerdo de Pago,Metropolitana
10034,C006,Farmacia Cruz Verde S.A.,Retail,Grande,María González,2023-01-22,2023-03-08,724,>180 días,66351000.0,3389000.0,62962000.0,Castigada,Metropolitana
10035,C012,Ferretería Industrial Ltda.,Comercio,Pequeña,María González,2024-10-08,2024-11-07,114,91-180 días,448000.0,105000.0,343000.0,Acuerdo de Pago,Biobío
10036,C002,Supermercados Del Sur S.A.,Retail,Grande,Andrés Torres,2024-06-10,2024-07-25,219,>180 días,75718000.0,5323000.0,70395000.0,Castigada,Valparaíso
10037,C009,Minera Altiplano S.A.,Minería,Grande,Andrés Torres,2023-05-16,2023-08-14,565,>180 días,32272000.0,813000.0,31459000.0,Castigada,Antofagasta
10038,C004,Transportes Rápido Ltda.,Logística,Pequeña,Paola Muñoz,2023-04-07,2023-05-07,664,>180 días,926000.0,106000.0,820000.0,Acuerdo de Pago,Antofagasta
10039,C007,Restaurante El Huerto SpA,Gastronomía,Pequeña,María González,2024-04-23,2024-05-23,282,>180 días,249000.0,53000.0,196000.0,Acuerdo de Pago,Metropolitana
10040,C007,Restaurante El Huerto SpA,Gastronomía,Pequeña,María González,2025-01-15,2025-03-16,0,0-30 días,520000.0,0.0,520000.0,Vigente,Valparaíso
10041,C004,Transportes Rápido Ltda.,Logística,Pequeña,Carlos Rojas,2023-07-14,2023-10-12,506,>180 días,802000.0,54000.0,748000.0,Castigada,Biobío
10042,C008,Corporación Educacional Norte,Educación,Mediana,Valentina Soto,2023-09-13,2023-10-13,505,>180 días,4327000.0,159000.0,4168000.0,Castigada,Metropolitana
10043,C001,Constructora Los Andes Ltda.,Construcción,Grande,Carlos Rojas,2024-10-29,2024-11-28,93,91-180 días,52423000.0,0.0,52423000.0,En Gestión,Valparaíso
10044,C007,Restaurante El Huerto SpA,Gastronomía,Pequeña,Andrés Torres,2024-05-12,2024-08-10,203,>180 días,1030000.0,19000.0,1011000.0,Castigada,Metropolitana
10045,C003,Clínica Santa María SpA,Salud,Mediana,Paola Muñoz,2024-01-24,2024-02-23,372,>180 días,9273000.0,989000.0,8284000.0,Acuerdo de Pago,Antofagasta
10046,C005,Inmobiliaria Horizonte S.A.,Inmobiliaria,Mediana,Paola Muñoz,2024-03-09,2024-06-07,267,>180 días,4171000.0,73000.0,4098000.0,Castigada,Valparaíso
10047,C001,Constructora Los Andes Ltda.,Construcción,Grande,María González,2024-08-16,2024-09-15,167,91-180 días,56820000.0,0.0,56820000.0,En Gestión,Metropolitana
10048,C010,Tecnologías del Pacífico Ltda.,TI,Pequeña,Valentina Soto,2024-05-03,2024-06-17,257,>180 días,429000.0,40000.0,389000.0,Castigada,Metropolitana
10049,C014,Hotel Costanera SpA,Turismo,Mediana,Carlos Rojas,2023-07-10,2023-08-09,570,>180 días,4611000.0,377000.0,4234000.0,Castigada,Antofagasta
10050,C002,Supermercados Del Sur S.A.,Retail,Grande,María González,2024-08-06,2024-09-20,162,91-180 días,46640000.0,434000.0,46206000.0,Castigada,Araucanía
10051,C002,Supermercados Del Sur S.A.,Retail,Grande,Carlos Rojas,2024-03-05,2024-05-04,301,>180 días,72291000.0,17033000.0,55258000.0,Acuerdo de Pago,Biobío
10052,C004,Transportes Rápido Ltda.,Logística,Pequeña,Paola Muñoz,2023-09-29,2023-12-28,429,>180 días,2702000.0,240000.0,2462000.0,Castigada,Antofagasta
10053,C006,Farmacia Cruz Verde S.A.,Retail,Grande,María González,2025-02-08,2025-03-10,0,0-30 días,63491000.0,0.0,63491000.0,Vigente,Antofagasta
10054,C010,Tecnologías del Pacífico Ltda.,TI,Pequeña,Carlos Rojas,2024-07-30,2024-08-29,184,>180 días,1859000.0,2000.0,1857000.0,Castigada,Araucanía
10055,C005,Inmobiliaria Horizonte S.A.,Inmobiliaria,Mediana,Carlos Rojas,2023-05-16,2023-07-15,595,>180 días,10289000.0,1691000.0,8598000.0,Acuerdo de Pago,Biobío
10056,C005,Inmobiliaria Horizonte S.A.,Inmobiliaria,Mediana,Paola Muñoz,2023-06-11,2023-09-09,539,>180 días,10687000.0,2027000.0,8660000.0,Acuerdo de Pago,Araucanía
10057,C013,Seguros Continental S.A.,Seguros,Grande,Valentina Soto,2024-10-31,2024-11-30,91,91-180 días,58413000.0,4360000.0,54053000.0,Castigada,Biobío
10058,C015,Servicios Generales del Sur,Servicios,Pequeña,Carlos Rojas,2024-11-10,2024-12-10,81,61-90 días,2007000.0,0.0,2007000.0,Vencida,Biobío
10059,C002,Supermercados Del Sur S.A.,Retail,Grande,Valentina Soto,2023-04-20,2023-06-04,636,>180 días,47623000.0,1263000.0,46360000.0,Castigada,Valparaíso
10060,C012,Ferretería Industrial Ltda.,Comercio,Pequeña,Paola Muñoz,2023-12-18,2024-02-01,394,>180 días,1240000.0,566000.0,674000.0,Acuerdo de Pago,Araucanía
10061,C008,Corporación Educacional Norte,Educación,Mediana,Andrés Torres,2023-09-15,2023-10-15,503,>180 días,12127000.0,700000.0,11427000.0,Castigada,Biobío
10062,C001,Constructora Los Andes Ltda.,Construcción,Grande,Paola Muñoz,2023-01-04,2023-03-05,727,>180 días,41939000.0,8904000.0,33035000.0,Acuerdo de Pago,Valparaíso
10063,C012,Ferretería Industrial Ltda.,Comercio,Pequeña,María González,2024-03-28,2024-06-26,248,>180 días,614000.0,58000.0,556000.0,Castigada,Metropolitana
10064,C015,Servicios Generales del Sur,Servicios,Pequeña,Paola Muñoz,2024-12-08,2025-01-22,38,31-60 días,1173000.0,125000.0,1048000.0,Acuerdo de Pago,Araucanía
10065,C009,Minera Altiplano S.A.,Minería,Grande,Paola Muñoz,2023-06-01,2023-08-30,549,>180 días,74624000.0,7191000.0,67433000.0,Castigada,Biobío
10066,C015,Servicios Generales del Sur,Servicios,Pequeña,Carlos Rojas,2023-02-10,2023-04-11,690,>180 días,1217000.0,104000.0,1113000.0,Castigada,Metropolitana
10067,C006,Farmacia Cruz Verde S.A.,Retail,Grande,Carlos Rojas,2024-07-27,2024-10-25,127,91-180 días,28769000.0,0.0,28769000.0,En Gestión,Valparaíso
10068,C014,Hotel Costanera SpA,Turismo,Mediana,María González,2023-06-16,2023-07-31,579,>180 días,10744000.0,1492000.0,9252000.0,Acuerdo de Pago,Valparaíso
10069,C012,Ferretería Industrial Ltda.,Comercio,Pequeña,Carlos Rojas,2023-12-07,2024-03-06,360,>180 días,506000.0,156000.0,350000.0,Acuerdo de Pago,Biobío
10070,C003,Clínica Santa María SpA,Salud,Mediana,María González,2024-12-19,2025-01-18,42,31-60 días,11371000.0,0.0,11371000.0,En Gestión,Antofagasta
10071,C004,Transportes Rápido Ltda.,Logística,Pequeña,Carlos Rojas,2023-07-24,2023-10-22,496,>180 días,951000.0,77000.0,874000.0,Castigada,Valparaíso
10072,C001,Constructora Los Andes Ltda.,Construcción,Grande,Paola Muñoz,2024-11-06,2024-12-21,70,61-90 días,65759000.0,0.0,65759000.0,En Gestión,Metropolitana
10073,C013,Seguros Continental S.A.,Seguros,Grande,Andrés Torres,2023-10-13,2023-12-12,445,>180 días,43351000.0,2818000.0,40533000.0,Castigada,Araucanía
10074,C006,Farmacia Cruz Verde S.A.,Retail,Grande,Paola Muñoz,2023-01-29,2023-02-28,732,>180 días,57648000.0,13559000.0,44089000.0,Acuerdo de Pago,Valparaíso
10075,C010,Tecnologías del Pacífico Ltda.,TI,Pequeña,Andrés Torres,2023-09-29,2023-10-29,489,>180 días,1777000.0,6000.0,1771000.0,Castigada,Biobío
10076,C012,Ferretería Industrial Ltda.,Comercio,Pequeña,Valentina Soto,2023-11-18,2024-02-16,379,>180 días,931000.0,55000.0,876000.0,Castigada,Metropolitana
10077,C007,Restaurante El Huerto SpA,Gastronomía,Pequeña,Andrés Torres,2024-08-13,2024-09-27,155,91-180 días,2486000.0,607000.0,1879000.0,Acuerdo de Pago,Metropolitana
10078,C009,Minera Altiplano S.A.,Minería,Grande,María González,2024-07-05,2024-08-19,194,>180 días,14530000.0,314000.0,14216000.0,Castigada,Biobío
10079,C010,Tecnologías del Pacífico Ltda.,TI,Pequeña,Paola Muñoz,2023-11-18,2023-12-18,439,>180 días,250000.0,78000.0,172000.0,Acuerdo de Pago,Araucanía
10080,C005,Inmobiliaria Horizonte S.A.,Inmobiliaria,Mediana,Paola Muñoz,2024-11-13,2025-02-11,18,0-30 días,9924000.0,0.0,9924000.0,Vencida,Araucanía
10081,C003,Clínica Santa María SpA,Salud,Mediana,Andrés Torres,2023-07-16,2023-10-14,504,>180 días,8228000.0,3440000.0,4788000.0,Acuerdo de Pago,Valparaíso
10082,C010,Tecnologías del Pacífico Ltda.,TI,Pequeña,María González,2024-08-05,2024-10-04,148,91-180 días,328000.0,1000.0,327000.0,Castigada,Biobío
10083,C005,Inmobiliaria Horizonte S.A.,Inmobiliaria,Mediana,Valentina Soto,2023-08-04,2023-11-02,485,>180 días,12704000.0,3349000.0,9355000.0,Acuerdo de Pago,Biobío
10084,C008,Corporación Educacional Norte,Educación,Mediana,Valentina Soto,2024-03-28,2024-06-26,248,>180 días,3190000.0,1020000.0,2170000.0,Acuerdo de Pago,Antofagasta
10085,C013,Seguros Continental S.A.,Seguros,Grande,María González,2025-01-23,2025-03-09,0,0-30 días,58595000.0,0.0,58595000.0,Vigente,Biobío
10086,C009,Minera Altiplano S.A.,Minería,Grande,Carlos Rojas,2024-11-10,2025-01-09,51,31-60 días,76615000.0,0.0,76615000.0,En Gestión,Biobío
10087,C004,Transportes Rápido Ltda.,Logística,Pequeña,Carlos Rojas,2023-07-23,2023-09-06,542,>180 días,818000.0,29000.0,789000.0,Castigada,Antofagasta
10088,C010,Tecnologías del Pacífico Ltda.,TI,Pequeña,Valentina Soto,2023-03-16,2023-06-14,626,>180 días,437000.0,2000.0,435000.0,Castigada,Valparaíso
10089,C012,Ferretería Industrial Ltda.,Comercio,Pequeña,Andrés Torres,2024-12-14,2025-03-14,0,0-30 días,2141000.0,0.0,2141000.0,Vigente,Antofagasta
10090,C004,Transportes Rápido Ltda.,Logística,Pequeña,María González,2023-06-01,2023-07-01,609,>180 días,1526000.0,442000.0,1084000.0,Acuerdo de Pago,Antofagasta
10091,C004,Transportes Rápido Ltda.,Logística,Pequeña,Carlos Rojas,2023-06-30,2023-09-28,520,>180 días,1256000.0,77000.0,1179000.0,Castigada,Metropolitana
10092,C008,Corporación Educacional Norte,Educación,Mediana,Valentina Soto,2023-05-17,2023-08-15,564,>180 días,1634000.0,572000.0,1062000.0,Acuerdo de Pago,Araucanía
10093,C006,Farmacia Cruz Verde S.A.,Retail,Grande,Valentina Soto,2025-02-12,2025-05-13,0,0-30 días,42735000.0,0.0,42735000.0,Vigente,Araucanía
10094,C007,Restaurante El Huerto SpA,Gastronomía,Pequeña,Andrés Torres,2024-07-15,2024-10-13,139,91-180 días,1963000.0,0.0,1963000.0,En Gestión,Antofagasta
10095,C005,Inmobiliaria Horizonte S.A.,Inmobiliaria,Mediana,Paola Muñoz,2025-02-08,2025-03-25,0,0-30 días,9201000.0,0.0,9201000.0,Vigente,Araucanía
10096,C008,Corporación Educacional Norte,Educación,Mediana,María González,2024-10-03,2024-11-17,104,91-180 días,6434000.0,1823000.0,4611000.0,Acuerdo de Pago,Biobío
10097,C004,Transportes Rápido Ltda.,Logística,Pequeña,Valentina Soto,2023-10-06,2023-12-05,452,>180 días,1220000.0,117000.0,1103000.0,Castigada,Metropolitana
10098,C003,Clínica Santa María SpA,Salud,Mediana,Carlos Rojas,2023-06-04,2023-07-19,591,>180 días,3741000.0,38000.0,3703000.0,Castigada,Valparaíso
10099,C002,Supermercados Del Sur S.A.,Retail,Grande,Andrés Torres,2024-02-29,2024-05-29,276,>180 días,6367000.0,45000.0,6322000.0,Castigada,Antofagasta
10100,C001,Constructora Los Andes Ltda.,Construcción,Grande,Valentina Soto,2023-07-31,2023-10-29,489,>180 días,28923000.0,2356000.0,26567000.0,Castigada,Metropolitana
10101,C014,Hotel Costanera SpA,Turismo,Mediana,Paola Muñoz,2024-08-12,2024-11-10,111,91-180 días,2654000.0,167000.0,2487000.0,Castigada,Biobío
10102,C013,Seguros Continental S.A.,Seguros,Grande,Valentina Soto,2024-02-04,2024-05-04,301,>180 días,70810000.0,1997000.0,68813000.0,Castigada,Araucanía
10103,C015,Servicios Generales del Sur,Servicios,Pequeña,Andrés Torres,2023-08-14,2023-11-12,475,>180 días,2440000.0,242000.0,2198000.0,Castigada,Antofagasta
10104,C001,Constructora Los Andes Ltda.,Construcción,Grande,Andrés Torres,2024-02-03,2024-04-03,332,>180 días,35946000.0,8495000.0,27451000.0,Acuerdo de Pago,Valparaíso
10105,C014,Hotel Costanera SpA,Turismo,Mediana,Valentina Soto,2024-04-23,2024-06-07,267,>180 días,13018000.0,5212000.0,7806000.0,Acuerdo de Pago,Metropolitana
10106,C015,Servicios Generales del Sur,Servicios,Pequeña,Andrés Torres,2024-02-08,2024-03-09,357,>180 días,2717000.0,137000.0,2580000.0,Castigada,Valparaíso
10107,C014,Hotel Costanera SpA,Turismo,Mediana,Andrés Torres,2024-04-17,2024-06-01,273,>180 días,5481000.0,213000.0,5268000.0,Castigada,Biobío
10108,C004,Transportes Rápido Ltda.,Logística,Pequeña,Andrés Torres,2024-04-10,2024-06-09,265,>180 días,365000.0,12000.0,353000.0,Castigada,Biobío
10109,C013,Seguros Continental S.A.,Seguros,Grande,Andrés Torres,2024-03-07,2024-05-06,299,>180 días,76255000.0,26898000.0,49357000.0,Acuerdo de Pago,Metropolitana
10110,C012,Ferretería Industrial Ltda.,Comercio,Pequeña,Paola Muñoz,2024-07-06,2024-08-05,208,>180 días,1053000.0,389000.0,664000.0,Acuerdo de Pago,Valparaíso
10111,C011,Agrícola Valle Verde SpA,Agricultura,Mediana,Carlos Rojas,2023-03-12,2023-04-11,690,>180 días,12082000.0,1649000.0,10433000.0,Acuerdo de Pago,Valparaíso
10112,C014,Hotel Costanera SpA,Turismo,Mediana,Andrés Torres,2023-01-21,2023-03-07,725,>180 días,1806000.0,80000.0,1726000.0,Castigada,Metropolitana
10113,C010,Tecnologías del Pacífico Ltda.,TI,Pequeña,Paola Muñoz,2023-08-12,2023-11-10,477,>180 días,439000.0,69000.0,370000.0,Acuerdo de Pago,Valparaíso
10114,C010,Tecnologías del Pacífico Ltda.,TI,Pequeña,Carlos Rojas,2024-09-13,2024-10-13,139,91-180 días,393000.0,0.0,393000.0,En Gestión,Biobío
10115,C002,Supermercados Del Sur S.A.,Retail,Grande,Valentina Soto,2024-08-15,2024-09-14,168,91-180 días,11308000.0,0.0,11308000.0,En Gestión,Antofagasta
10116,C007,Restaurante El Huerto SpA,Gastronomía,Pequeña,Carlos Rojas,2025-01-02,2025-02-16,13,0-30 días,336000.0,0.0,336000.0,Vencida,Metropolitana
10117,C012,Ferretería Industrial Ltda.,Comercio,Pequeña,Valentina Soto,2023-11-05,2023-12-05,452,>180 días,1185000.0,294000.0,891000.0,Acuerdo de Pago,Metropolitana
10118,C006,Farmacia Cruz Verde S.A.,Retail,Grande,María González,2024-06-29,2024-09-27,155,91-180 días,65960000.0,4969000.0,60991000.0,Castigada,Araucanía
10119,C011,Agrícola Valle Verde SpA,Agricultura,Mediana,Andrés Torres,2023-12-16,2024-01-15,411,>180 días,2169000.0,701000.0,1468000.0,Acuerdo de Pago,Metropolitana
10120,C007,Restaurante El Huerto SpA,Gastronomía,Pequeña,Andrés Torres,2024-01-06,2024-04-05,330,>180 días,422000.0,125000.0,297000.0,Acuerdo de Pago,Valparaíso
10121,C012,Ferretería Industrial Ltda.,Comercio,Pequeña,Valentina Soto,2024-06-18,2024-08-17,196,>180 días,263000.0,3000.0,260000.0,Castigada,Antofagasta
10122,C008,Corporación Educacional Norte,Educación,Mediana,Carlos Rojas,2024-03-22,2024-05-21,284,>180 días,10089000.0,589000.0,9500000.0,Castigada,Metropolitana
10123,C005,Inmobiliaria Horizonte S.A.,Inmobiliaria,Mediana,Valentina Soto,2024-04-06,2024-05-21,284,>180 días,6248000.0,2796000.0,3452000.0,Acuerdo de Pago,Araucanía
10124,C011,Agrícola Valle Verde SpA,Agricultura,Mediana,Paola Muñoz,2024-01-24,2024-03-24,342,>180 días,14485000.0,1405000.0,13080000.0,Castigada,Valparaíso
10125,C008,Corporación Educacional Norte,Educación,Mediana,Paola Muñoz,2023-08-06,2023-10-05,513,>180 días,13476000.0,6700000.0,6776000.0,Acuerdo de Pago,Biobío
10126,C015,Servicios Generales del Sur,Servicios,Pequeña,Valentina Soto,2024-09-02,2024-11-01,120,91-180 días,2911000.0,152000.0,2759000.0,Castigada,Valparaíso
10127,C002,Supermercados Del Sur S.A.,Retail,Grande,Carlos Rojas,2023-09-05,2023-12-04,453,>180 días,52205000.0,3276000.0,48929000.0,Castigada,Antofagasta
10128,C011,Agrícola Valle Verde SpA,Agricultura,Mediana,Andrés Torres,2024-12-29,2025-03-29,0,0-30 días,13616000.0,0.0,13616000.0,Vigente,Metropolitana
10129,C002,Supermercados Del Sur S.A.,Retail,Grande,Carlos Rojas,2023-10-29,2023-12-13,444,>180 días,26072000.0,1188000.0,24884000.0,Castigada,Biobío
10130,C011,Agrícola Valle Verde SpA,Agricultura,Mediana,Valentina Soto,2024-08-18,2024-10-17,135,91-180 días,4883000.0,226000.0,4657000.0,Castigada,Biobío
10131,C007,Restaurante El Huerto SpA,Gastronomía,Pequeña,Paola Muñoz,2025-02-02,2025-04-03,0,0-30 días,325000.0,0.0,325000.0,Vigente,Antofagasta
10132,C005,Inmobiliaria Horizonte S.A.,Inmobiliaria,Mediana,Carlos Rojas,2023-11-10,2024-01-09,417,>180 días,14807000.0,794000.0,14013000.0,Castigada,Biobío
10133,C002,Supermercados Del Sur S.A.,Retail,Grande,Carlos Rojas,2025-01-30,2025-03-16,0,0-30 días,28215000.0,0.0,28215000.0,Vigente,Valparaíso
10134,C012,Ferretería Industrial Ltda.,Comercio,Pequeña,Valentina Soto,2024-05-10,2024-07-09,235,>180 días,2485000.0,1193000.0,1292000.0,Acuerdo de Pago,Araucanía
10135,C005,Inmobiliaria Horizonte S.A.,Inmobiliaria,Mediana,Paola Muñoz,2023-04-13,2023-05-28,643,>180 días,9588000.0,894000.0,8694000.0,Castigada,Valparaíso
10136,C005,Inmobiliaria Horizonte S.A.,Inmobiliaria,Mediana,María González,2023-01-15,2023-03-01,731,>180 días,1633000.0,61000.0,1572000.0,Castigada,Araucanía
10137,C005,Inmobiliaria Horizonte S.A.,Inmobiliaria,Mediana,Andrés Torres,2024-12-15,2025-01-29,31,31-60 días,14822000.0,5005000.0,9817000.0,Acuerdo de Pago,Metropolitana
10138,C014,Hotel Costanera SpA,Turismo,Mediana,Andrés Torres,2023-01-13,2023-03-14,718,>180 días,14579000.0,1222000.0,13357000.0,Castigada,Biobío
10139,C003,Clínica Santa María SpA,Salud,Mediana,Andrés Torres,2023-02-22,2023-04-23,678,>180 días,6807000.0,834000.0,5973000.0,Acuerdo de Pago,Metropolitana
10140,C014,Hotel Costanera SpA,Turismo,Mediana,Valentina Soto,2023-03-08,2023-06-06,634,>180 días,12381000.0,1234000.0,11147000.0,Castigada,Metropolitana
10141,C003,Clínica Santa María SpA,Salud,Mediana,Carlos Rojas,2023-06-02,2023-08-01,578,>180 días,11766000.0,1000000.0,10766000.0,Castigada,Metropolitana
10142,C009,Minera Altiplano S.A.,Minería,Grande,Andrés Torres,2024-03-02,2024-04-16,319,>180 días,23551000.0,11343000.0,12208000.0,Acuerdo de Pago,Antofagasta
10143,C015,Servicios Generales del Sur,Servicios,Pequeña,Andrés Torres,2024-03-29,2024-05-28,277,>180 días,2048000.0,711000.0,1337000.0,Acuerdo de Pago,Biobío
10144,C010,Tecnologías del Pacífico Ltda.,TI,Pequeña,María González,2024-09-27,2024-10-27,125,91-180 días,2048000.0,107000.0,1941000.0,Castigada,Valparaíso
10145,C011,Agrícola Valle Verde SpA,Agricultura,Mediana,Carlos Rojas,2023-08-05,2023-10-04,514,>180 días,8282000.0,2657000.0,5625000.0,Acuerdo de Pago,Valparaíso
10146,C003,Clínica Santa María SpA,Salud,Mediana,Andrés Torres,2024-07-19,2024-08-18,195,>180 días,13273000.0,178000.0,13095000.0,Castigada,Antofagasta
10147,C012,Ferretería Industrial Ltda.,Comercio,Pequeña,Carlos Rojas,2024-08-31,2024-11-29,92,91-180 días,1899000.0,725000.0,1174000.0,Acuerdo de Pago,Biobío
10148,C012,Ferretería Industrial Ltda.,Comercio,Pequeña,Carlos Rojas,2023-10-17,2024-01-15,411,>180 días,142000.0,5000.0,137000.0,Castigada,Biobío
10149,C013,Seguros Continental S.A.,Seguros,Grande,Valentina Soto,2024-10-02,2024-11-16,105,91-180 días,49244000.0,4452000.0,44792000.0,Castigada,Valparaíso
10150,C011,Agrícola Valle Verde SpA,Agricultura,Mediana,María González,2023-06-02,2023-08-01,578,>180 días,8196000.0,2120000.0,6076000.0,Acuerdo de Pago,Metropolitana
10151,C003,Clínica Santa María SpA,Salud,Mediana,Andrés Torres,2023-11-11,2024-01-10,416,>180 días,13073000.0,192000.0,12881000.0,Castigada,Biobío
10152,C012,Ferretería Industrial Ltda.,Comercio,Pequeña,Andrés Torres,2024-02-17,2024-04-17,318,>180 días,849000.0,39000.0,810000.0,Castigada,Antofagasta
10153,C002,Supermercados Del Sur S.A.,Retail,Grande,Paola Muñoz,2024-09-04,2024-10-04,148,91-180 días,78502000.0,0.0,78502000.0,En Gestión,Araucanía
10154,C005,Inmobiliaria Horizonte S.A.,Inmobiliaria,Mediana,Valentina Soto,2023-01-27,2023-02-26,734,>180 días,4362000.0,56000.0,4306000.0,Castigada,Araucanía
10155,C001,Constructora Los Andes Ltda.,Construcción,Grande,Carlos Rojas,2024-11-19,2025-01-18,42,31-60 días,14603000.0,5204000.0,9399000.0,Acuerdo de Pago,Antofagasta
10156,C009,Minera Altiplano S.A.,Minería,Grande,Carlos Rojas,2024-10-29,2025-01-27,33,31-60 días,18641000.0,0.0,18641000.0,Vencida,Araucanía
10157,C007,Restaurante El Huerto SpA,Gastronomía,Pequeña,Andrés Torres,2024-10-12,2025-01-10,50,31-60 días,600000.0,0.0,600000.0,Vencida,Biobío
10158,C007,Restaurante El Huerto SpA,Gastronomía,Pequeña,Carlos Rojas,2023-12-08,2024-02-06,389,>180 días,590000.0,125000.0,465000.0,Acuerdo de Pago,Biobío
10159,C007,Restaurante El Huerto SpA,Gastronomía,Pequeña,Paola Muñoz,2024-12-11,2025-03-11,0,0-30 días,450000.0,0.0,450000.0,Vigente,Antofagasta
10160,C014,Hotel Costanera SpA,Turismo,Mediana,Andrés Torres,2025-02-17,2025-03-19,0,0-30 días,3889000.0,0.0,3889000.0,Vigente,Metropolitana
10161,C006,Farmacia Cruz Verde S.A.,Retail,Grande,Andrés Torres,2023-09-16,2023-11-15,472,>180 días,42756000.0,3418000.0,39338000.0,Castigada,Araucanía
10162,C014,Hotel Costanera SpA,Turismo,Mediana,Carlos Rojas,2023-01-02,2023-04-02,699,>180 días,2145000.0,198000.0,1947000.0,Castigada,Araucanía
10163,C006,Farmacia Cruz Verde S.A.,Retail,Grande,María González,2024-09-29,2024-12-28,63,61-90 días,9581000.0,3826000.0,5755000.0,Acuerdo de Pago,Valparaíso
10164,C005,Inmobiliaria Horizonte S.A.,Inmobiliaria,Mediana,Andrés Torres,2024-07-16,2024-08-30,183,>180 días,3931000.0,1155000.0,2776000.0,Acuerdo de Pago,Antofagasta
10165,C002,Supermercados Del Sur S.A.,Retail,Grande,Paola Muñoz,2023-01-30,2023-03-16,716,>180 días,51369000.0,20496000.0,30873000.0,Acuerdo de Pago,Araucanía
10166,C001,Constructora Los Andes Ltda.,Construcción,Grande,María González,2024-07-19,2024-10-17,135,91-180 días,7751000.0,3551000.0,4200000.0,Acuerdo de Pago,Antofagasta
10167,C002,Supermercados Del Sur S.A.,Retail,Grande,Paola Muñoz,2024-10-25,2024-12-09,82,61-90 días,43376000.0,12100000.0,31276000.0,Acuerdo de Pago,Araucanía
10168,C012,Ferretería Industrial Ltda.,Comercio,Pequeña,Andrés Torres,2023-10-07,2024-01-05,421,>180 días,881000.0,221000.0,660000.0,Acuerdo de Pago,Valparaíso
10169,C008,Corporación Educacional Norte,Educación,Mediana,Valentina Soto,2024-07-18,2024-09-01,181,>180 días,5509000.0,180000.0,5329000.0,Castigada,Araucanía
10170,C012,Ferretería Industrial Ltda.,Comercio,Pequeña,Andrés Torres,2023-05-20,2023-06-19,621,>180 días,1821000.0,124000.0,1697000.0,Castigada,Biobío
10171,C015,Servicios Generales del Sur,Servicios,Pequeña,Paola Muñoz,2024-06-03,2024-08-02,211,>180 días,352000.0,111000.0,241000.0,Acuerdo de Pago,Biobío
10172,C014,Hotel Costanera SpA,Turismo,Mediana,Andrés Torres,2024-08-24,2024-11-22,99,91-180 días,11436000.0,0.0,11436000.0,En Gestión,Araucanía
10173,C008,Corporación Educacional Norte,Educación,Mediana,Valentina Soto,2023-12-20,2024-02-18,377,>180 días,4973000.0,321000.0,4652000.0,Castigada,Antofagasta
10174,C008,Corporación Educacional Norte,Educación,Mediana,Carlos Rojas,2023-11-26,2024-01-10,416,>180 días,5985000.0,2049000.0,3936000.0,Acuerdo de Pago,Araucanía
10175,C007,Restaurante El Huerto SpA,Gastronomía,Pequeña,Andrés Torres,2023-08-28,2023-11-26,461,>180 días,543000.0,13000.0,530000.0,Castigada,Antofagasta
10176,C007,Restaurante El Huerto SpA,Gastronomía,Pequeña,María González,2024-11-10,2024-12-25,66,61-90 días,927000.0,157000.0,770000.0,Acuerdo de Pago,Valparaíso
10177,C009,Minera Altiplano S.A.,Minería,Grande,Andrés Torres,2024-08-27,2024-10-26,126,91-180 días,72257000.0,0.0,72257000.0,En Gestión,Metropolitana
10178,C009,Minera Altiplano S.A.,Minería,Grande,Andrés Torres,2024-04-12,2024-05-12,293,>180 días,35780000.0,9272000.0,26508000.0,Acuerdo de Pago,Valparaíso
10179,C002,Supermercados Del Sur S.A.,Retail,Grande,Andrés Torres,2024-04-25,2024-06-24,250,>180 días,77710000.0,2004000.0,75706000.0,Castigada,Metropolitana
10180,C014,Hotel Costanera SpA,Turismo,Mediana,Andrés Torres,2023-12-03,2024-03-02,364,>180 días,10361000.0,3344000.0,7017000.0,Acuerdo de Pago,Araucanía
10181,C001,Constructora Los Andes Ltda.,Construcción,Grande,Paola Muñoz,2024-09-24,2024-10-24,128,91-180 días,47871000.0,8369000.0,39502000.0,Acuerdo de Pago,Valparaíso
10182,C012,Ferretería Industrial Ltda.,Comercio,Pequeña,María González,2023-04-03,2023-07-02,608,>180 días,1572000.0,310000.0,1262000.0,Acuerdo de Pago,Antofagasta
10183,C003,Clínica Santa María SpA,Salud,Mediana,María González,2024-12-11,2025-02-09,20,0-30 días,9549000.0,0.0,9549000.0,En Gestión,Biobío
10184,C013,Seguros Continental S.A.,Seguros,Grande,Andrés Torres,2023-02-27,2023-04-28,673,>180 días,48593000.0,2588000.0,46005000.0,Castigada,Valparaíso
10185,C004,Transportes Rápido Ltda.,Logística,Pequeña,Carlos Rojas,2024-06-27,2024-09-25,157,91-180 días,490000.0,3000.0,487000.0,Castigada,Valparaíso
10186,C003,Clínica Santa María SpA,Salud,Mediana,Carlos Rojas,2023-03-22,2023-06-20,620,>180 días,5513000.0,140000.0,5373000.0,Castigada,Antofagasta
10187,C015,Servicios Generales del Sur,Servicios,Pequeña,Paola Muñoz,2024-08-20,2024-10-04,148,91-180 días,1827000.0,527000.0,1300000.0,Acuerdo de Pago,Antofagasta
10188,C005,Inmobiliaria Horizonte S.A.,Inmobiliaria,Mediana,Andrés Torres,2024-11-13,2024-12-13,78,61-90 días,5884000.0,0.0,5884000.0,Vencida,Biobío
10189,C011,Agrícola Valle Verde SpA,Agricultura,Mediana,Paola Muñoz,2024-07-13,2024-08-27,186,>180 días,14510000.0,1060000.0,13450000.0,Castigada,Araucanía
10190,C005,Inmobiliaria Horizonte S.A.,Inmobiliaria,Mediana,Andrés Torres,2024-10-16,2025-01-14,46,31-60 días,3537000.0,1402000.0,2135000.0,Acuerdo de Pago,Biobío
10191,C004,Transportes Rápido Ltda.,Logística,Pequeña,Andrés Torres,2024-01-29,2024-04-28,307,>180 días,505000.0,40000.0,465000.0,Castigada,Araucanía
10192,C006,Farmacia Cruz Verde S.A.,Retail,Grande,Paola Muñoz,2024-08-11,2024-10-10,142,91-180 días,20122000.0,0.0,20122000.0,En Gestión,Metropolitana
10193,C014,Hotel Costanera SpA,Turismo,Mediana,Valentina Soto,2024-11-05,2025-02-03,26,0-30 días,10313000.0,0.0,10313000.0,Vencida,Metropolitana
10194,C015,Servicios Generales del Sur,Servicios,Pequeña,Paola Muñoz,2024-09-12,2024-12-11,80,61-90 días,1238000.0,0.0,1238000.0,Vencida,Valparaíso
10195,C010,Tecnologías del Pacífico Ltda.,TI,Pequeña,Valentina Soto,2023-12-27,2024-02-10,385,>180 días,1193000.0,55000.0,1138000.0,Castigada,Biobío
10196,C011,Agrícola Valle Verde SpA,Agricultura,Mediana,María González,2025-02-12,2025-03-29,0,0-30 días,11467000.0,0.0,11467000.0,Vigente,Metropolitana
10197,C005,Inmobiliaria Horizonte S.A.,Inmobiliaria,Mediana,Carlos Rojas,2024-03-27,2024-04-26,309,>180 días,13594000.0,739000.0,12855000.0,Castigada,Metropolitana
10198,C015,Servicios Generales del Sur,Servicios,Pequeña,Carlos Rojas,2023-10-30,2023-12-29,428,>180 días,439000.0,209000.0,230000.0,Acuerdo de Pago,Valparaíso
10199,C003,Clínica Santa María SpA,Salud,Mediana,Paola Muñoz,2024-07-06,2024-09-04,178,91-180 días,5689000.0,452000.0,5237000.0,Castigada,Valparaíso
10200,C005,Inmobiliaria Horizonte S.A.,Inmobiliaria,Mediana,Paola Muñoz,2024-05-08,2024-07-07,237,>180 días,8468000.0,3518000.0,4950000.0,Acuerdo de Pago,Metropolitana
10201,C008,Corporación Educacional Norte,Educación,Mediana,Carlos Rojas,2023-03-19,2023-05-03,668,>180 días,5364000.0,2133000.0,3231000.0,Acuerdo de Pago,Antofagasta
10202,C014,Hotel Costanera SpA,Turismo,Mediana,Andrés Torres,2024-07-24,2024-09-22,160,91-180 días,8978000.0,4046000.0,4932000.0,Acuerdo de Pago,Metropolitana
10203,C005,Inmobiliaria Horizonte S.A.,Inmobiliaria,Mediana,Paola Muñoz,2024-07-03,2024-08-02,211,>180 días,12498000.0,1058000.0,11440000.0,Castigada,Araucanía
10204,C007,Restaurante El Huerto SpA,Gastronomía,Pequeña,Carlos Rojas,2024-10-15,2024-12-14,77,61-90 días,2412000.0,0.0,2412000.0,En Gestión,Antofagasta
10205,C001,Constructora Los Andes Ltda.,Construcción,Grande,Carlos Rojas,2024-09-26,2024-11-25,96,91-180 días,16244000.0,0.0,16244000.0,En Gestión,Metropolitana
10206,C011,Agrícola Valle Verde SpA,Agricultura,Mediana,María González,2024-04-20,2024-06-19,255,>180 días,9976000.0,541000.0,9435000.0,Castigada,Valparaíso
10207,C001,Constructora Los Andes Ltda.,Construcción,Grande,María González,2023-02-08,2023-04-09,692,>180 días,23885000.0,11068000.0,12817000.0,Acuerdo de Pago,Metropolitana
10208,C004,Transportes Rápido Ltda.,Logística,Pequeña,Paola Muñoz,2024-07-04,2024-08-18,195,>180 días,1440000.0,136000.0,1304000.0,Castigada,Araucanía
10209,C007,Restaurante El Huerto SpA,Gastronomía,Pequeña,María González,2024-08-24,2024-10-08,144,91-180 días,1567000.0,0.0,1567000.0,En Gestión,Antofagasta
10210,C010,Tecnologías del Pacífico Ltda.,TI,Pequeña,Paola Muñoz,2024-02-22,2024-04-22,313,>180 días,2629000.0,245000.0,2384000.0,Castigada,Valparaíso
10211,C008,Corporación Educacional Norte,Educación,Mediana,María González,2024-03-31,2024-05-15,290,>180 días,10753000.0,4117000.0,6636000.0,Acuerdo de Pago,Biobío
10212,C009,Minera Altiplano S.A.,Minería,Grande,Paola Muñoz,2024-10-22,2024-12-21,70,61-90 días,16440000.0,0.0,16440000.0,En Gestión,Valparaíso
10213,C002,Supermercados Del Sur S.A.,Retail,Grande,Valentina Soto,2024-04-10,2024-05-10,295,>180 días,36810000.0,17309000.0,19501000.0,Acuerdo de Pago,Metropolitana
10214,C001,Constructora Los Andes Ltda.,Construcción,Grande,Valentina Soto,2023-12-08,2024-01-22,404,>180 días,38813000.0,16905000.0,21908000.0,Acuerdo de Pago,Valparaíso
10215,C002,Supermercados Del Sur S.A.,Retail,Grande,Carlos Rojas,2024-07-21,2024-09-04,178,91-180 días,14350000.0,745000.0,13605000.0,Castigada,Biobío
10216,C013,Seguros Continental S.A.,Seguros,Grande,Carlos Rojas,2023-06-01,2023-07-01,609,>180 días,49346000.0,1654000.0,47692000.0,Castigada,Valparaíso
10217,C009,Minera Altiplano S.A.,Minería,Grande,María González,2023-09-14,2023-10-29,489,>180 días,65214000.0,2597000.0,62617000.0,Castigada,Valparaíso
10218,C001,Constructora Los Andes Ltda.,Construcción,Grande,María González,2024-01-02,2024-02-16,379,>180 días,45305000.0,1572000.0,43733000.0,Castigada,Valparaíso
10219,C005,Inmobiliaria Horizonte S.A.,Inmobiliaria,Mediana,Valentina Soto,2023-02-23,2023-04-09,692,>180 días,7331000.0,2060000.0,5271000.0,Acuerdo de Pago,Metropolitana
10220,C012,Ferretería Industrial Ltda.,Comercio,Pequeña,Paola Muñoz,2023-03-07,2023-06-05,635,>180 días,1545000.0,65000.0,1480000.0,Castigada,Araucanía
10221,C010,Tecnologías del Pacífico Ltda.,TI,Pequeña,Valentina Soto,2023-04-22,2023-07-21,589,>180 días,1784000.0,113000.0,1671000.0,Castigada,Metropolitana
10222,C012,Ferretería Industrial Ltda.,Comercio,Pequeña,María González,2024-11-05,2025-01-04,56,31-60 días,616000.0,298000.0,318000.0,Acuerdo de Pago,Metropolitana
10223,C008,Corporación Educacional Norte,Educación,Mediana,Andrés Torres,2024-02-16,2024-05-16,289,>180 días,6805000.0,3394000.0,3411000.0,Acuerdo de Pago,Antofagasta
10224,C002,Supermercados Del Sur S.A.,Retail,Grande,María González,2023-03-24,2023-05-23,648,>180 días,42665000.0,3200000.0,39465000.0,Castigada,Valparaíso
10225,C005,Inmobiliaria Horizonte S.A.,Inmobiliaria,Mediana,Valentina Soto,2024-10-01,2024-11-30,91,91-180 días,13573000.0,2393000.0,11180000.0,Acuerdo de Pago,Araucanía
10226,C005,Inmobiliaria Horizonte S.A.,Inmobiliaria,Mediana,María González,2024-04-09,2024-07-08,236,>180 días,7609000.0,50000.0,7559000.0,Castigada,Araucanía
10227,C012,Ferretería Industrial Ltda.,Comercio,Pequeña,Carlos Rojas,2023-08-09,2023-11-07,480,>180 días,1621000.0,71000.0,1550000.0,Castigada,Antofagasta
10228,C006,Farmacia Cruz Verde S.A.,Retail,Grande,María González,2024-04-09,2024-07-08,236,>180 días,35057000.0,638000.0,34419000.0,Castigada,Biobío
10229,C007,Restaurante El Huerto SpA,Gastronomía,Pequeña,Carlos Rojas,2023-11-17,2024-01-16,410,>180 días,1183000.0,32000.0,1151000.0,Castigada,Antofagasta
10230,C002,Supermercados Del Sur S.A.,Retail,Grande,María González,2023-04-04,2023-05-04,667,>180 días,53300000.0,832000.0,52468000.0,Castigada,Biobío
10231,C013,Seguros Continental S.A.,Seguros,Grande,Valentina Soto,2023-05-14,2023-06-13,627,>180 días,58698000.0,1303000.0,57395000.0,Castigada,Araucanía
10232,C006,Farmacia Cruz Verde S.A.,Retail,Grande,Andrés Torres,2024-11-17,2024-12-17,74,61-90 días,22331000.0,3163000.0,19168000.0,Acuerdo de Pago,Metropolitana
10233,C005,Inmobiliaria Horizonte S.A.,Inmobiliaria,Mediana,Valentina Soto,2024-09-06,2024-11-05,116,91-180 días,3500000.0,683000.0,2817000.0,Acuerdo de Pago,Araucanía
10234,C004,Transportes Rápido Ltda.,Logística,Pequeña,María González,2023-06-08,2023-09-06,542,>180 días,2195000.0,188000.0,2007000.0,Castigada,Biobío
10235,C014,Hotel Costanera SpA,Turismo,Mediana,Paola Muñoz,2024-07-23,2024-09-21,161,91-180 días,6561000.0,1194000.0,5367000.0,Acuerdo de Pago,Araucanía
10236,C004,Transportes Rápido Ltda.,Logística,Pequeña,Paola Muñoz,2024-03-15,2024-04-14,321,>180 días,138000.0,1000.0,137000.0,Castigada,Metropolitana
10237,C003,Clínica Santa María SpA,Salud,Mediana,Paola Muñoz,2023-10-07,2023-12-06,451,>180 días,1371000.0,457000.0,914000.0,Acuerdo de Pago,Metropolitana
10238,C003,Clínica Santa María SpA,Salud,Mediana,María González,2023-05-27,2023-08-25,554,>180 días,13497000.0,461000.0,13036000.0,Castigada,Metropolitana
10239,C012,Ferretería Industrial Ltda.,Comercio,Pequeña,Andrés Torres,2024-06-27,2024-08-11,202,>180 días,1812000.0,49000.0,1763000.0,Castigada,Biobío
10240,C003,Clínica Santa María SpA,Salud,Mediana,Valentina Soto,2024-01-14,2024-03-14,352,>180 días,6732000.0,1848000.0,4884000.0,Acuerdo de Pago,Araucanía
10241,C002,Supermercados Del Sur S.A.,Retail,Grande,Valentina Soto,2023-02-23,2023-04-09,692,>180 días,27085000.0,379000.0,26706000.0,Castigada,Metropolitana
10242,C011,Agrícola Valle Verde SpA,Agricultura,Mediana,Andrés Torres,2023-03-25,2023-05-24,647,>180 días,7824000.0,626000.0,7198000.0,Castigada,Antofagasta
10243,C010,Tecnologías del Pacífico Ltda.,TI,Pequeña,Valentina Soto,2024-03-28,2024-06-26,248,>180 días,879000.0,48000.0,831000.0,Castigada,Metropolitana
10244,C006,Farmacia Cruz Verde S.A.,Retail,Grande,Valentina Soto,2024-03-16,2024-04-15,320,>180 días,52511000.0,4384000.0,48127000.0,Castigada,Antofagasta
10245,C009,Minera Altiplano S.A.,Minería,Grande,Andrés Torres,2024-11-14,2025-01-13,47,31-60 días,78830000.0,0.0,78830000.0,En Gestión,Araucanía
10246,C001,Constructora Los Andes Ltda.,Construcción,Grande,Carlos Rojas,2023-01-08,2023-02-22,738,>180 días,25423000.0,299000.0,25124000.0,Castigada,Valparaíso
10247,C013,Seguros Continental S.A.,Seguros,Grande,María González,2023-09-19,2023-11-18,469,>180 días,48239000.0,3142000.0,45097000.0,Castigada,Antofagasta
10248,C012,Ferretería Industrial Ltda.,Comercio,Pequeña,Valentina Soto,2024-03-16,2024-04-30,305,>180 días,132000.0,2000.0,130000.0,Castigada,Valparaíso
10249,C009,Minera Altiplano S.A.,Minería,Grande,María González,2024-07-26,2024-09-24,158,91-180 días,72501000.0,24665000.0,47836000.0,Acuerdo de Pago,Antofagasta
10250,C001,Constructora Los Andes Ltda.,Construcción,Grande,Valentina Soto,2024-04-15,2024-05-15,290,>180 días,54878000.0,14680000.0,40198000.0,Acuerdo de Pago,Antofagasta
10251,C010,Tecnologías del Pacífico Ltda.,TI,Pequeña,Andrés Torres,2024-02-19,2024-05-19,286,>180 días,236000.0,4000.0,232000.0,Castigada,Metropolitana
10252,C006,Farmacia Cruz Verde S.A.,Retail,Grande,Paola Muñoz,2023-06-25,2023-09-23,525,>180 días,60353000.0,11958000.0,48395000.0,Acuerdo de Pago,Metropolitana
10253,C007,Restaurante El Huerto SpA,Gastronomía,Pequeña,Andrés Torres,2023-04-19,2023-06-03,637,>180 días,1131000.0,81000.0,1050000.0,Castigada,Araucanía
10254,C002,Supermercados Del Sur S.A.,Retail,Grande,Carlos Rojas,2024-02-10,2024-04-10,325,>180 días,27284000.0,9971000.0,17313000.0,Acuerdo de Pago,Biobío
10255,C013,Seguros Continental S.A.,Seguros,Grande,María González,2023-06-22,2023-07-22,588,>180 días,75262000.0,235000.0,75027000.0,Castigada,Araucanía
10256,C009,Minera Altiplano S.A.,Minería,Grande,Carlos Rojas,2023-07-18,2023-09-16,532,>180 días,24670000.0,1225000.0,23445000.0,Castigada,Valparaíso
10257,C002,Supermercados Del Sur S.A.,Retail,Grande,Valentina Soto,2023-05-30,2023-07-29,581,>180 días,49763000.0,530000.0,49233000.0,Castigada,Valparaíso
10258,C013,Seguros Continental S.A.,Seguros,Grande,Carlos Rojas,2025-02-16,2025-03-18,0,0-30 días,10635000.0,0.0,10635000.0,Vigente,Antofagasta
10259,C008,Corporación Educacional Norte,Educación,Mediana,Valentina Soto,2025-02-11,2025-05-12,0,0-30 días,7088000.0,0.0,7088000.0,Vigente,Araucanía
10260,C006,Farmacia Cruz Verde S.A.,Retail,Grande,María González,2024-10-04,2024-12-03,88,61-90 días,66433000.0,0.0,66433000.0,En Gestión,Antofagasta
10261,C008,Corporación Educacional Norte,Educación,Mediana,Valentina Soto,2024-10-08,2024-12-07,84,61-90 días,9263000.0,0.0,9263000.0,Vencida,Metropolitana
10262,C006,Farmacia Cruz Verde S.A.,Retail,Grande,Andrés Torres,2024-06-03,2024-07-03,241,>180 días,11869000.0,1128000.0,10741000.0,Castigada,Metropolitana
10263,C001,Constructora Los Andes Ltda.,Construcción,Grande,María González,2024-01-13,2024-03-13,353,>180 días,38450000.0,3356000.0,35094000.0,Castigada,Araucanía
10264,C010,Tecnologías del Pacífico Ltda.,TI,Pequeña,Valentina Soto,2024-06-03,2024-09-01,181,>180 días,2010000.0,139000.0,1871000.0,Castigada,Metropolitana
10265,C008,Corporación Educacional Norte,Educación,Mediana,Andrés Torres,2024-08-08,2024-09-22,160,91-180 días,4495000.0,847000.0,3648000.0,Acuerdo de Pago,Araucanía
10266,C003,Clínica Santa María SpA,Salud,Mediana,Paola Muñoz,2023-03-05,2023-06-03,637,>180 días,14217000.0,1003000.0,13214000.0,Castigada,Metropolitana
10267,C009,Minera Altiplano S.A.,Minería,Grande,Andrés Torres,2024-10-23,2024-12-07,84,61-90 días,74394000.0,0.0,74394000.0,En Gestión,Antofagasta
10268,C009,Minera Altiplano S.A.,Minería,Grande,Paola Muñoz,2024-06-19,2024-08-03,210,>180 días,73662000.0,2190000.0,71472000.0,Castigada,Antofagasta
10269,C007,Restaurante El Huerto SpA,Gastronomía,Pequeña,Paola Muñoz,2023-12-13,2024-01-12,414,>180 días,2838000.0,822000.0,2016000.0,Acuerdo de Pago,Metropolitana
10270,C006,Farmacia Cruz Verde S.A.,Retail,Grande,Valentina Soto,2023-04-07,2023-07-06,604,>180 días,69653000.0,5774000.0,63879000.0,Castigada,Valparaíso
10271,C006,Farmacia Cruz Verde S.A.,Retail,Grande,Paola Muñoz,2023-03-25,2023-05-09,662,>180 días,7776000.0,1153000.0,6623000.0,Acuerdo de Pago,Antofagasta
10272,C003,Clínica Santa María SpA,Salud,Mediana,Andrés Torres,2024-09-01,2024-10-01,151,91-180 días,10748000.0,4191000.0,6557000.0,Acuerdo de Pago,Biobío
10273,C014,Hotel Costanera SpA,Turismo,Mediana,Andrés Torres,2023-05-11,2023-06-10,630,>180 días,5414000.0,428000.0,4986000.0,Castigada,Araucanía
10274,C006,Farmacia Cruz Verde S.A.,Retail,Grande,Carlos Rojas,2023-01-19,2023-03-20,712,>180 días,28906000.0,1780000.0,27126000.0,Castigada,Biobío
10275,C013,Seguros Continental S.A.,Seguros,Grande,Carlos Rojas,2024-05-12,2024-06-26,248,>180 días,22472000.0,48000.0,22424000.0,Castigada,Valparaíso
10276,C002,Supermercados Del Sur S.A.,Retail,Grande,Valentina Soto,2023-10-30,2023-11-29,458,>180 días,70603000.0,5640000.0,64963000.0,Castigada,Araucanía
10277,C001,Constructora Los Andes Ltda.,Construcción,Grande,Valentina Soto,2024-11-08,2025-01-07,53,31-60 días,79845000.0,0.0,79845000.0,Vencida,Valparaíso
10278,C010,Tecnologías del Pacífico Ltda.,TI,Pequeña,Valentina Soto,2024-01-21,2024-03-06,360,>180 días,1920000.0,168000.0,1752000.0,Castigada,Valparaíso
10279,C012,Ferretería Industrial Ltda.,Comercio,Pequeña,Carlos Rojas,2024-03-24,2024-04-23,312,>180 días,1312000.0,55000.0,1257000.0,Castigada,Antofagasta
10280,C010,Tecnologías del Pacífico Ltda.,TI,Pequeña,Carlos Rojas,2023-10-19,2024-01-17,409,>180 días,420000.0,15000.0,405000.0,Castigada,Biobío
10281,C013,Seguros Continental S.A.,Seguros,Grande,Valentina Soto,2024-04-25,2024-06-09,265,>180 días,26543000.0,112000.0,26431000.0,Castigada,Antofagasta
10282,C008,Corporación Educacional Norte,Educación,Mediana,Andrés Torres,2023-10-16,2024-01-14,412,>180 días,14828000.0,570000.0,14258000.0,Castigada,Valparaíso
10283,C014,Hotel Costanera SpA,Turismo,Mediana,María González,2023-07-24,2023-09-07,541,>180 días,4056000.0,1681000.0,2375000.0,Acuerdo de Pago,Antofagasta
10284,C014,Hotel Costanera SpA,Turismo,Mediana,Valentina Soto,2024-01-16,2024-02-15,380,>180 días,6846000.0,3272000.0,3574000.0,Acuerdo de Pago,Metropolitana
10285,C005,Inmobiliaria Horizonte S.A.,Inmobiliaria,Mediana,Valentina Soto,2023-03-27,2023-05-11,660,>180 días,9588000.0,950000.0,8638000.0,Castigada,Valparaíso
10286,C014,Hotel Costanera SpA,Turismo,Mediana,Carlos Rojas,2024-03-23,2024-04-22,313,>180 días,14198000.0,4871000.0,9327000.0,Acuerdo de Pago,Antofagasta
10287,C015,Servicios Generales del Sur,Servicios,Pequeña,Andrés Torres,2023-12-24,2024-01-23,403,>180 días,612000.0,13000.0,599000.0,Castigada,Araucanía
10288,C006,Farmacia Cruz Verde S.A.,Retail,Grande,Paola Muñoz,2023-08-30,2023-11-28,459,>180 días,18983000.0,2338000.0,16645000.0,Acuerdo de Pago,Valparaíso
10289,C001,Constructora Los Andes Ltda.,Construcción,Grande,Paola Muñoz,2023-11-23,2023-12-23,434,>180 días,77683000.0,38683000.0,39000000.0,Acuerdo de Pago,Valparaíso
10290,C003,Clínica Santa María SpA,Salud,Mediana,Andrés Torres,2023-02-09,2023-04-10,691,>180 días,6547000.0,2477000.0,4070000.0,Acuerdo de Pago,Valparaíso
10291,C013,Seguros Continental S.A.,Seguros,Grande,Andrés Torres,2024-12-23,2025-03-23,0,0-30 días,16542000.0,0.0,16542000.0,Vigente,Araucanía
10292,C001,Constructora Los Andes Ltda.,Construcción,Grande,Carlos Rojas,2023-03-23,2023-04-22,679,>180 días,21786000.0,1264000.0,20522000.0,Castigada,Araucanía
10293,C012,Ferretería Industrial Ltda.,Comercio,Pequeña,Paola Muñoz,2024-09-15,2024-12-14,77,61-90 días,870000.0,0.0,870000.0,En Gestión,Valparaíso
10294,C005,Inmobiliaria Horizonte S.A.,Inmobiliaria,Mediana,Valentina Soto,2023-05-05,2023-06-04,636,>180 días,13442000.0,1159000.0,12283000.0,Castigada,Antofagasta
10295,C002,Supermercados Del Sur S.A.,Retail,Grande,María González,2023-04-24,2023-07-23,587,>180 días,65714000.0,572000.0,65142000.0,Castigada,Araucanía
10296,C010,Tecnologías del Pacífico Ltda.,TI,Pequeña,María González,2023-09-05,2023-10-20,498,>180 días,853000.0,62000.0,791000.0,Castigada,Araucanía
10297,C006,Farmacia Cruz Verde S.A.,Retail,Grande,María González,2023-09-04,2023-12-03,454,>180 días,42191000.0,2883000.0,39308000.0,Castigada,Araucanía
10298,C006,Farmacia Cruz Verde S.A.,Retail,Grande,Andrés Torres,2023-03-11,2023-04-10,691,>180 días,10710000.0,515000.0,10195000.0,Castigada,Metropolitana
10299,C011,Agrícola Valle Verde SpA,Agricultura,Mediana,María González,2024-02-01,2024-04-01,334,>180 días,12546000.0,851000.0,11695000.0,Castigada,Biobío
10300,C013,Seguros Continental S.A.,Seguros,Grande,María González,2023-03-11,2023-05-10,661,>180 días,47430000.0,3782000.0,43648000.0,Castigada,Araucanía
10301,C012,Ferretería Industrial Ltda.,Comercio,Pequeña,Carlos Rojas,2025-02-13,2025-04-14,0,0-30 días,2615000.0,0.0,2615000.0,Vigente,Metropolitana
10302,C006,Farmacia Cruz Verde S.A.,Retail,Grande,Carlos Rojas,2024-07-13,2024-09-11,171,91-180 días,58127000.0,0.0,58127000.0,En Gestión,Antofagasta
10303,C012,Ferretería Industrial Ltda.,Comercio,Pequeña,María González,2024-05-05,2024-06-19,255,>180 días,2283000.0,373000.0,1910000.0,Acuerdo de Pago,Antofagasta
10304,C001,Constructora Los Andes Ltda.,Construcción,Grande,Carlos Rojas,2023-10-28,2023-12-12,445,>180 días,71065000.0,5869000.0,65196000.0,Castigada,Metropolitana
10305,C006,Farmacia Cruz Verde S.A.,Retail,Grande,Valentina Soto,2023-11-14,2024-02-12,383,>180 días,14665000.0,2410000.0,12255000.0,Acuerdo de Pago,Antofagasta
10306,C005,Inmobiliaria Horizonte S.A.,Inmobiliaria,Mediana,María González,2023-02-07,2023-03-24,708,>180 días,12650000.0,8000.0,12642000.0,Castigada,Biobío
10307,C005,Inmobiliaria Horizonte S.A.,Inmobiliaria,Mediana,Andrés Torres,2023-05-08,2023-07-07,603,>180 días,9637000.0,609000.0,9028000.0,Castigada,Antofagasta
10308,C015,Servicios Generales del Sur,Servicios,Pequeña,Andrés Torres,2024-01-31,2024-03-31,335,>180 días,1666000.0,686000.0,980000.0,Acuerdo de Pago,Antofagasta
10309,C006,Farmacia Cruz Verde S.A.,Retail,Grande,Andrés Torres,2024-06-15,2024-08-14,199,>180 días,13024000.0,6319000.0,6705000.0,Acuerdo de Pago,Metropolitana
10310,C007,Restaurante El Huerto SpA,Gastronomía,Pequeña,Paola Muñoz,2024-09-08,2024-10-23,129,91-180 días,2803000.0,29000.0,2774000.0,Castigada,Metropolitana
10311,C002,Supermercados Del Sur S.A.,Retail,Grande,Valentina Soto,2023-12-02,2024-01-31,395,>180 días,75292000.0,2266000.0,73026000.0,Castigada,Antofagasta
10312,C003,Clínica Santa María SpA,Salud,Mediana,Paola Muñoz,2024-12-07,2025-03-07,0,0-30 días,1943000.0,0.0,1943000.0,Vigente,Antofagasta
10313,C001,Constructora Los Andes Ltda.,Construcción,Grande,Valentina Soto,2025-01-14,2025-03-15,0,0-30 días,30941000.0,0.0,30941000.0,Vigente,Antofagasta
10314,C005,Inmobiliaria Horizonte S.A.,Inmobiliaria,Mediana,Andrés Torres,2024-10-16,2024-11-15,106,91-180 días,14629000.0,5850000.0,8779000.0,Acuerdo de Pago,Biobío
10315,C009,Minera Altiplano S.A.,Minería,Grande,María González,2025-02-06,2025-03-23,0,0-30 días,14756000.0,0.0,14756000.0,Vigente,Valparaíso
10316,C014,Hotel Costanera SpA,Turismo,Mediana,María González,2024-09-14,2024-12-13,78,61-90 días,5531000.0,0.0,5531000.0,En Gestión,Valparaíso
10317,C013,Seguros Continental S.A.,Seguros,Grande,Valentina Soto,2024-10-22,2024-12-21,70,61-90 días,62781000.0,0.0,62781000.0,En Gestión,Metropolitana
10318,C010,Tecnologías del Pacífico Ltda.,TI,Pequeña,Paola Muñoz,2023-06-07,2023-09-05,543,>180 días,1336000.0,375000.0,961000.0,Acuerdo de Pago,Antofagasta
10319,C013,Seguros Continental S.A.,Seguros,Grande,Andrés Torres,2023-03-20,2023-05-04,667,>180 días,17272000.0,381000.0,16891000.0,Castigada,Biobío
10320,C011,Agrícola Valle Verde SpA,Agricultura,Mediana,María González,2023-10-13,2023-11-27,460,>180 días,10527000.0,2203000.0,8324000.0,Acuerdo de Pago,Valparaíso
10321,C008,Corporación Educacional Norte,Educación,Mediana,María González,2024-06-14,2024-09-12,170,91-180 días,3115000.0,0.0,3115000.0,En Gestión,Biobío
10322,C013,Seguros Continental S.A.,Seguros,Grande,Valentina Soto,2023-09-24,2023-12-23,434,>180 días,75771000.0,3013000.0,72758000.0,Castigada,Biobío
10323,C012,Ferretería Industrial Ltda.,Comercio,Pequeña,María González,2024-05-17,2024-07-01,243,>180 días,1287000.0,115000.0,1172000.0,Castigada,Antofagasta
10324,C003,Clínica Santa María SpA,Salud,Mediana,María González,2024-12-31,2025-03-31,0,0-30 días,3983000.0,0.0,3983000.0,Vigente,Biobío
10325,C011,Agrícola Valle Verde SpA,Agricultura,Mediana,Paola Muñoz,2023-12-22,2024-01-21,405,>180 días,6159000.0,291000.0,5868000.0,Castigada,Biobío
10326,C014,Hotel Costanera SpA,Turismo,Mediana,Valentina Soto,2023-06-11,2023-07-26,584,>180 días,3597000.0,1477000.0,2120000.0,Acuerdo de Pago,Valparaíso
10327,C002,Supermercados Del Sur S.A.,Retail,Grande,Andrés Torres,2023-07-25,2023-09-08,540,>180 días,62819000.0,3934000.0,58885000.0,Castigada,Metropolitana
10328,C006,Farmacia Cruz Verde S.A.,Retail,Grande,Valentina Soto,2024-07-21,2024-09-19,163,91-180 días,14843000.0,915000.0,13928000.0,Castigada,Valparaíso
10329,C010,Tecnologías del Pacífico Ltda.,TI,Pequeña,Andrés Torres,2023-03-30,2023-04-29,672,>180 días,440000.0,6000.0,434000.0,Castigada,Araucanía
10330,C007,Restaurante El Huerto SpA,Gastronomía,Pequeña,Paola Muñoz,2024-02-24,2024-03-25,341,>180 días,682000.0,34000.0,648000.0,Castigada,Metropolitana
10331,C008,Corporación Educacional Norte,Educación,Mediana,Valentina Soto,2024-04-22,2024-06-21,253,>180 días,9148000.0,730000.0,8418000.0,Castigada,Araucanía
10332,C003,Clínica Santa María SpA,Salud,Mediana,María González,2023-05-13,2023-08-11,568,>180 días,7373000.0,53000.0,7320000.0,Castigada,Metropolitana
10333,C009,Minera Altiplano S.A.,Minería,Grande,Paola Muñoz,2023-06-06,2023-08-05,574,>180 días,34437000.0,1004000.0,33433000.0,Castigada,Valparaíso
10334,C006,Farmacia Cruz Verde S.A.,Retail,Grande,Paola Muñoz,2024-06-15,2024-08-14,199,>180 días,57124000.0,6618000.0,50506000.0,Acuerdo de Pago,Valparaíso
10335,C011,Agrícola Valle Verde SpA,Agricultura,Mediana,Paola Muñoz,2024-07-18,2024-09-16,166,91-180 días,2469000.0,1221000.0,1248000.0,Acuerdo de Pago,Araucanía
10336,C009,Minera Altiplano S.A.,Minería,Grande,Valentina Soto,2023-04-06,2023-05-21,650,>180 días,15687000.0,1102000.0,14585000.0,Castigada,Valparaíso
10337,C003,Clínica Santa María SpA,Salud,Mediana,Valentina Soto,2024-11-05,2025-01-04,56,31-60 días,1137000.0,0.0,1137000.0,Vencida,Metropolitana
10338,C014,Hotel Costanera SpA,Turismo,Mediana,Valentina Soto,2023-01-30,2023-03-01,731,>180 días,2230000.0,7000.0,2223000.0,Castigada,Biobío
10339,C011,Agrícola Valle Verde SpA,Agricultura,Mediana,María González,2023-08-04,2023-11-02,485,>180 días,6557000.0,372000.0,6185000.0,Castigada,Antofagasta
10340,C015,Servicios Generales del Sur,Servicios,Pequeña,Paola Muñoz,2024-10-04,2024-12-03,88,61-90 días,680000.0,114000.0,566000.0,Acuerdo de Pago,Antofagasta
10341,C004,Transportes Rápido Ltda.,Logística,Pequeña,Paola Muñoz,2024-12-02,2025-03-02,0,0-30 días,2149000.0,0.0,2149000.0,Vigente,Antofagasta
10342,C002,Supermercados Del Sur S.A.,Retail,Grande,Andrés Torres,2024-12-06,2025-01-05,55,31-60 días,7369000.0,0.0,7369000.0,En Gestión,Antofagasta
10343,C008,Corporación Educacional Norte,Educación,Mediana,Paola Muñoz,2023-07-28,2023-09-26,522,>180 días,10927000.0,780000.0,10147000.0,Castigada,Biobío
10344,C012,Ferretería Industrial Ltda.,Comercio,Pequeña,Paola Muñoz,2023-12-20,2024-03-19,347,>180 días,2463000.0,20000.0,2443000.0,Castigada,Araucanía
10345,C009,Minera Altiplano S.A.,Minería,Grande,María González,2023-04-19,2023-06-18,622,>180 días,72111000.0,3262000.0,68849000.0,Castigada,Biobío
10346,C008,Corporación Educacional Norte,Educación,Mediana,Paola Muñoz,2023-09-11,2023-10-26,492,>180 días,8370000.0,68000.0,8302000.0,Castigada,Antofagasta
10347,C014,Hotel Costanera SpA,Turismo,Mediana,Carlos Rojas,2024-09-22,2024-12-21,70,61-90 días,4459000.0,0.0,4459000.0,En Gestión,Biobío
10348,C015,Servicios Generales del Sur,Servicios,Pequeña,Carlos Rojas,2024-08-14,2024-10-13,139,91-180 días,2930000.0,688000.0,2242000.0,Acuerdo de Pago,Antofagasta
10349,C009,Minera Altiplano S.A.,Minería,Grande,Andrés Torres,2024-04-23,2024-07-22,222,>180 días,18659000.0,5584000.0,13075000.0,Acuerdo de Pago,Metropolitana
10350,C002,Supermercados Del Sur S.A.,Retail,Grande,Carlos Rojas,2024-02-07,2024-05-07,298,>180 días,46652000.0,23258000.0,23394000.0,Acuerdo de Pago,Araucanía
10351,C006,Farmacia Cruz Verde S.A.,Retail,Grande,Valentina Soto,2023-02-19,2023-03-21,711,>180 días,78109000.0,5313000.0,72796000.0,Castigada,Antofagasta
10352,C005,Inmobiliaria Horizonte S.A.,Inmobiliaria,Mediana,Andrés Torres,2024-07-03,2024-08-02,211,>180 días,1429000.0,407000.0,1022000.0,Acuerdo de Pago,Valparaíso
10353,C015,Servicios Generales del Sur,Servicios,Pequeña,Paola Muñoz,2023-09-28,2023-11-27,460,>180 días,2254000.0,609000.0,1645000.0,Acuerdo de Pago,Metropolitana
10354,C007,Restaurante El Huerto SpA,Gastronomía,Pequeña,Paola Muñoz,2023-02-22,2023-04-08,693,>180 días,2964000.0,12000.0,2952000.0,Castigada,Metropolitana
10355,C007,Restaurante El Huerto SpA,Gastronomía,Pequeña,Paola Muñoz,2024-05-31,2024-08-29,184,>180 días,1372000.0,535000.0,837000.0,Acuerdo de Pago,Araucanía
10356,C011,Agrícola Valle Verde SpA,Agricultura,Mediana,María González,2024-09-17,2024-10-17,135,91-180 días,13228000.0,3554000.0,9674000.0,Acuerdo de Pago,Antofagasta
10357,C006,Farmacia Cruz Verde S.A.,Retail,Grande,Carlos Rojas,2023-12-14,2024-02-12,383,>180 días,25762000.0,4747000.0,21015000.0,Acuerdo de Pago,Araucanía
10358,C009,Minera Altiplano S.A.,Minería,Grande,Carlos Rojas,2024-02-16,2024-03-17,349,>180 días,51722000.0,680000.0,51042000.0,Castigada,Biobío
10359,C013,Seguros Continental S.A.,Seguros,Grande,Valentina Soto,2024-04-30,2024-07-29,215,>180 días,58687000.0,1394000.0,57293000.0,Castigada,Valparaíso
10360,C006,Farmacia Cruz Verde S.A.,Retail,Grande,Valentina Soto,2024-09-19,2024-11-18,103,91-180 días,77855000.0,23116000.0,54739000.0,Acuerdo de Pago,Biobío
10361,C010,Tecnologías del Pacífico Ltda.,TI,Pequeña,Paola Muñoz,2023-12-11,2024-03-10,356,>180 días,1391000.0,426000.0,965000.0,Acuerdo de Pago,Antofagasta
10362,C014,Hotel Costanera SpA,Turismo,Mediana,María González,2023-01-18,2023-03-19,713,>180 días,9301000.0,364000.0,8937000.0,Castigada,Antofagasta
10363,C010,Tecnologías del Pacífico Ltda.,TI,Pequeña,Paola Muñoz,2023-11-12,2023-12-12,445,>180 días,2005000.0,65000.0,1940000.0,Castigada,Araucanía
10364,C010,Tecnologías del Pacífico Ltda.,TI,Pequeña,Carlos Rojas,2023-08-22,2023-09-21,527,>180 días,2912000.0,132000.0,2780000.0,Castigada,Araucanía
10365,C011,Agrícola Valle Verde SpA,Agricultura,Mediana,Carlos Rojas,2025-01-08,2025-04-08,0,0-30 días,2029000.0,0.0,2029000.0,Vigente,Valparaíso
10366,C001,Constructora Los Andes Ltda.,Construcción,Grande,Andrés Torres,2024-08-09,2024-09-08,174,91-180 días,43983000.0,11979000.0,32004000.0,Acuerdo de Pago,Biobío
10367,C007,Restaurante El Huerto SpA,Gastronomía,Pequeña,Andrés Torres,2023-06-05,2023-09-03,545,>180 días,2150000.0,359000.0,1791000.0,Acuerdo de Pago,Araucanía
10368,C013,Seguros Continental S.A.,Seguros,Grande,María González,2024-09-18,2024-12-17,74,61-90 días,17571000.0,0.0,17571000.0,Vencida,Valparaíso
10369,C009,Minera Altiplano S.A.,Minería,Grande,Andrés Torres,2023-08-01,2023-09-30,518,>180 días,54785000.0,23134000.0,31651000.0,Acuerdo de Pago,Araucanía
10370,C007,Restaurante El Huerto SpA,Gastronomía,Pequeña,Valentina Soto,2023-11-18,2024-01-02,424,>180 días,697000.0,8000.0,689000.0,Castigada,Biobío
10371,C009,Minera Altiplano S.A.,Minería,Grande,Carlos Rojas,2023-12-29,2024-02-27,368,>180 días,25231000.0,2363000.0,22868000.0,Castigada,Valparaíso
10372,C005,Inmobiliaria Horizonte S.A.,Inmobiliaria,Mediana,Paola Muñoz,2024-07-25,2024-09-23,159,91-180 días,2710000.0,1283000.0,1427000.0,Acuerdo de Pago,Biobío
10373,C012,Ferretería Industrial Ltda.,Comercio,Pequeña,Paola Muñoz,2023-08-01,2023-10-30,488,>180 días,221000.0,3000.0,218000.0,Castigada,Araucanía
10374,C015,Servicios Generales del Sur,Servicios,Pequeña,Paola Muñoz,2025-01-08,2025-03-09,0,0-30 días,114000.0,0.0,114000.0,Vigente,Metropolitana
10375,C010,Tecnologías del Pacífico Ltda.,TI,Pequeña,Andrés Torres,2024-11-23,2025-02-21,8,0-30 días,2617000.0,0.0,2617000.0,En Gestión,Biobío
10376,C013,Seguros Continental S.A.,Seguros,Grande,María González,2023-05-30,2023-07-29,581,>180 días,39105000.0,2608000.0,36497000.0,Castigada,Biobío
10377,C015,Servicios Generales del Sur,Servicios,Pequeña,Carlos Rojas,2024-03-28,2024-05-27,278,>180 días,993000.0,379000.0,614000.0,Acuerdo de Pago,Valparaíso
10378,C014,Hotel Costanera SpA,Turismo,Mediana,Paola Muñoz,2024-07-05,2024-09-03,179,91-180 días,10428000.0,0.0,10428000.0,En Gestión,Valparaíso
10379,C002,Supermercados Del Sur S.A.,Retail,Grande,Valentina Soto,2024-09-22,2024-11-06,115,91-180 días,12043000.0,5386000.0,6657000.0,Acuerdo de Pago,Valparaíso
10380,C011,Agrícola Valle Verde SpA,Agricultura,Mediana,Paola Muñoz,2023-08-27,2023-09-26,522,>180 días,10697000.0,1010000.0,9687000.0,Castigada,Antofagasta
10381,C002,Supermercados Del Sur S.A.,Retail,Grande,Valentina Soto,2024-11-28,2025-01-12,48,31-60 días,56244000.0,0.0,56244000.0,En Gestión,Valparaíso
10382,C007,Restaurante El Huerto SpA,Gastronomía,Pequeña,Carlos Rojas,2024-10-30,2025-01-28,32,31-60 días,188000.0,89000.0,99000.0,Acuerdo de Pago,Biobío
10383,C006,Farmacia Cruz Verde S.A.,Retail,Grande,María González,2023-10-20,2023-11-19,468,>180 días,56715000.0,20619000.0,36096000.0,Acuerdo de Pago,Araucanía
10384,C004,Transportes Rápido Ltda.,Logística,Pequeña,Carlos Rojas,2024-07-01,2024-07-31,213,>180 días,409000.0,149000.0,260000.0,Acuerdo de Pago,Antofagasta
10385,C015,Servicios Generales del Sur,Servicios,Pequeña,Andrés Torres,2023-06-30,2023-07-30,580,>180 días,2934000.0,771000.0,2163000.0,Acuerdo de Pago,Antofagasta
10386,C003,Clínica Santa María SpA,Salud,Mediana,María González,2025-02-05,2025-04-06,0,0-30 días,11953000.0,0.0,11953000.0,Vigente,Metropolitana
10387,C005,Inmobiliaria Horizonte S.A.,Inmobiliaria,Mediana,Paola Muñoz,2024-08-04,2024-09-03,179,91-180 días,13299000.0,0.0,13299000.0,En Gestión,Biobío
10388,C008,Corporación Educacional Norte,Educación,Mediana,Carlos Rojas,2024-10-18,2025-01-16,44,31-60 días,10346000.0,0.0,10346000.0,Vencida,Araucanía
10389,C008,Corporación Educacional Norte,Educación,Mediana,Paola Muñoz,2023-10-07,2023-11-21,466,>180 días,12169000.0,5198000.0,6971000.0,Acuerdo de Pago,Valparaíso
10390,C012,Ferretería Industrial Ltda.,Comercio,Pequeña,María González,2024-04-14,2024-06-13,261,>180 días,117000.0,27000.0,90000.0,Acuerdo de Pago,Biobío
10391,C013,Seguros Continental S.A.,Seguros,Grande,Andrés Torres,2023-10-30,2023-12-14,443,>180 días,32485000.0,1262000.0,31223000.0,Castigada,Antofagasta
10392,C009,Minera Altiplano S.A.,Minería,Grande,María González,2023-12-02,2024-01-01,425,>180 días,38652000.0,878000.0,37774000.0,Castigada,Valparaíso
10393,C003,Clínica Santa María SpA,Salud,Mediana,María González,2024-05-03,2024-07-02,242,>180 días,9448000.0,3286000.0,6162000.0,Acuerdo de Pago,Biobío
10394,C007,Restaurante El Huerto SpA,Gastronomía,Pequeña,Paola Muñoz,2023-08-30,2023-11-28,459,>180 días,2604000.0,801000.0,1803000.0,Acuerdo de Pago,Biobío
10395,C010,Tecnologías del Pacífico Ltda.,TI,Pequeña,Paola Muñoz,2025-01-10,2025-02-09,20,0-30 días,1090000.0,0.0,1090000.0,Vencida,Valparaíso
10396,C001,Constructora Los Andes Ltda.,Construcción,Grande,Carlos Rojas,2024-11-14,2024-12-14,77,61-90 días,33515000.0,10505000.0,23010000.0,Acuerdo de Pago,Antofagasta
10397,C011,Agrícola Valle Verde SpA,Agricultura,Mediana,Paola Muñoz,2024-05-29,2024-07-28,216,>180 días,11708000.0,4534000.0,7174000.0,Acuerdo de Pago,Biobío
10398,C010,Tecnologías del Pacífico Ltda.,TI,Pequeña,Andrés Torres,2023-08-15,2023-09-29,519,>180 días,668000.0,69000.0,599000.0,Acuerdo de Pago,Valparaíso
10399,C008,Corporación Educacional Norte,Educación,Mediana,Andrés Torres,2025-02-04,2025-04-05,0,0-30 días,13572000.0,0.0,13572000.0,Vigente,Araucanía
10400,C015,Servicios Generales del Sur,Servicios,Pequeña,Valentina Soto,2024-04-27,2024-06-11,263,>180 días,2810000.0,676000.0,2134000.0,Acuerdo de Pago,Metropolitana
10401,C009,Minera Altiplano S.A.,Minería,Grande,Valentina Soto,2024-04-02,2024-06-01,273,>180 días,12607000.0,359000.0,12248000.0,Castigada,Metropolitana
10402,C001,Constructora Los Andes Ltda.,Construcción,Grande,Carlos Rojas,2024-07-14,2024-08-28,185,>180 días,28047000.0,873000.0,27174000.0,Castigada,Valparaíso
10403,C006,Farmacia Cruz Verde S.A.,Retail,Grande,Carlos Rojas,2024-06-16,2024-09-14,168,91-180 días,50775000.0,13477000.0,37298000.0,Acuerdo de Pago,Araucanía
10404,C008,Corporación Educacional Norte,Educación,Mediana,Andrés Torres,2023-04-04,2023-07-03,607,>180 días,3536000.0,610000.0,2926000.0,Acuerdo de Pago,Valparaíso
10405,C009,Minera Altiplano S.A.,Minería,Grande,Valentina Soto,2024-03-01,2024-05-30,275,>180 días,44387000.0,2518000.0,41869000.0,Castigada,Antofagasta
10406,C011,Agrícola Valle Verde SpA,Agricultura,Mediana,María González,2023-11-12,2023-12-12,445,>180 días,14481000.0,1167000.0,13314000.0,Castigada,Valparaíso
10407,C010,Tecnologías del Pacífico Ltda.,TI,Pequeña,María González,2023-03-16,2023-04-15,686,>180 días,1936000.0,184000.0,1752000.0,Castigada,Araucanía
10408,C001,Constructora Los Andes Ltda.,Construcción,Grande,Andrés Torres,2023-03-12,2023-06-10,630,>180 días,50121000.0,1143000.0,48978000.0,Castigada,Valparaíso
10409,C013,Seguros Continental S.A.,Seguros,Grande,Andrés Torres,2023-05-19,2023-08-17,562,>180 días,20903000.0,1756000.0,19147000.0,Castigada,Antofagasta
10410,C014,Hotel Costanera SpA,Turismo,Mediana,Valentina Soto,2024-01-22,2024-04-21,314,>180 días,5948000.0,464000.0,5484000.0,Castigada,Valparaíso
10411,C011,Agrícola Valle Verde SpA,Agricultura,Mediana,Valentina Soto,2023-12-23,2024-01-22,404,>180 días,12517000.0,836000.0,11681000.0,Castigada,Antofagasta
10412,C009,Minera Altiplano S.A.,Minería,Grande,María González,2023-05-11,2023-06-25,615,>180 días,12165000.0,4071000.0,8094000.0,Acuerdo de Pago,Biobío
10413,C008,Corporación Educacional Norte,Educación,Mediana,Carlos Rojas,2024-11-20,2025-02-18,11,0-30 días,11316000.0,0.0,11316000.0,Vencida,Valparaíso
10414,C008,Corporación Educacional Norte,Educación,Mediana,María González,2023-12-21,2024-02-04,391,>180 días,2340000.0,150000.0,2190000.0,Castigada,Metropolitana
10415,C013,Seguros Continental S.A.,Seguros,Grande,María González,2024-11-07,2025-02-05,24,0-30 días,50532000.0,0.0,50532000.0,En Gestión,Valparaíso
10416,C004,Transportes Rápido Ltda.,Logística,Pequeña,Andrés Torres,2023-03-10,2023-04-09,692,>180 días,1541000.0,152000.0,1389000.0,Castigada,Araucanía
10417,C011,Agrícola Valle Verde SpA,Agricultura,Mediana,María González,2024-12-21,2025-01-20,40,31-60 días,10732000.0,0.0,10732000.0,En Gestión,Antofagasta
10418,C008,Corporación Educacional Norte,Educación,Mediana,María González,2023-08-28,2023-10-12,506,>180 días,11046000.0,5484000.0,5562000.0,Acuerdo de Pago,Valparaíso
10419,C009,Minera Altiplano S.A.,Minería,Grande,Valentina Soto,2023-10-24,2023-12-08,449,>180 días,14630000.0,4848000.0,9782000.0,Acuerdo de Pago,Biobío
10420,C010,Tecnologías del Pacífico Ltda.,TI,Pequeña,Carlos Rojas,2024-09-04,2024-11-03,118,91-180 días,348000.0,159000.0,189000.0,Acuerdo de Pago,Araucanía
10421,C004,Transportes Rápido Ltda.,Logística,Pequeña,Valentina Soto,2024-02-28,2024-04-28,307,>180 días,757000.0,27000.0,730000.0,Castigada,Araucanía
10422,C015,Servicios Generales del Sur,Servicios,Pequeña,Andrés Torres,2025-01-22,2025-03-08,0,0-30 días,296000.0,0.0,296000.0,Vigente,Araucanía
10423,C008,Corporación Educacional Norte,Educación,Mediana,Andrés Torres,2023-02-18,2023-04-19,682,>180 días,4272000.0,1931000.0,2341000.0,Acuerdo de Pago,Araucanía
10424,C006,Farmacia Cruz Verde S.A.,Retail,Grande,Andrés Torres,2024-12-14,2025-03-14,0,0-30 días,53816000.0,0.0,53816000.0,Vigente,Valparaíso
10425,C005,Inmobiliaria Horizonte S.A.,Inmobiliaria,Mediana,Andrés Torres,2024-01-21,2024-03-06,360,>180 días,10373000.0,3783000.0,6590000.0,Acuerdo de Pago,Valparaíso
10426,C014,Hotel Costanera SpA,Turismo,Mediana,Carlos Rojas,2023-08-19,2023-10-18,500,>180 días,11229000.0,1393000.0,9836000.0,Acuerdo de Pago,Antofagasta
10427,C015,Servicios Generales del Sur,Servicios,Pequeña,Valentina Soto,2023-03-01,2023-05-30,641,>180 días,608000.0,229000.0,379000.0,Acuerdo de Pago,Araucanía
10428,C003,Clínica Santa María SpA,Salud,Mediana,Paola Muñoz,2024-02-02,2024-03-18,348,>180 días,8502000.0,383000.0,8119000.0,Castigada,Metropolitana
10429,C015,Servicios Generales del Sur,Servicios,Pequeña,Carlos Rojas,2024-04-05,2024-06-04,270,>180 días,2028000.0,161000.0,1867000.0,Castigada,Metropolitana
10430,C005,Inmobiliaria Horizonte S.A.,Inmobiliaria,Mediana,Carlos Rojas,2024-01-22,2024-02-21,374,>180 días,4285000.0,690000.0,3595000.0,Acuerdo de Pago,Araucanía
10431,C012,Ferretería Industrial Ltda.,Comercio,Pequeña,Paola Muñoz,2024-11-18,2025-01-02,58,31-60 días,1666000.0,728000.0,938000.0,Acuerdo de Pago,Biobío
10432,C015,Servicios Generales del Sur,Servicios,Pequeña,María González,2023-01-16,2023-03-02,730,>180 días,358000.0,144000.0,214000.0,Acuerdo de Pago,Antofagasta
10433,C015,Servicios Generales del Sur,Servicios,Pequeña,Carlos Rojas,2023-09-06,2023-10-21,497,>180 días,2368000.0,168000.0,2200000.0,Castigada,Araucanía
10434,C006,Farmacia Cruz Verde S.A.,Retail,Grande,Paola Muñoz,2023-10-17,2024-01-15,411,>180 días,7712000.0,278000.0,7434000.0,Castigada,Biobío
10435,C005,Inmobiliaria Horizonte S.A.,Inmobiliaria,Mediana,Andrés Torres,2024-01-04,2024-04-03,332,>180 días,14117000.0,431000.0,13686000.0,Castigada,Biobío
10436,C015,Servicios Generales del Sur,Servicios,Pequeña,María González,2023-07-28,2023-09-26,522,>180 días,1842000.0,95000.0,1747000.0,Castigada,Araucanía
10437,C014,Hotel Costanera SpA,Turismo,Mediana,Valentina Soto,2023-08-15,2023-09-29,519,>180 días,7957000.0,677000.0,7280000.0,Castigada,Araucanía
10438,C010,Tecnologías del Pacífico Ltda.,TI,Pequeña,Paola Muñoz,2025-01-07,2025-04-07,0,0-30 días,437000.0,0.0,437000.0,Vigente,Valparaíso
10439,C004,Transportes Rápido Ltda.,Logística,Pequeña,Carlos Rojas,2023-12-04,2024-01-18,408,>180 días,2646000.0,230000.0,2416000.0,Castigada,Antofagasta
10440,C009,Minera Altiplano S.A.,Minería,Grande,Andrés Torres,2024-11-01,2024-12-31,60,31-60 días,65444000.0,0.0,65444000.0,En Gestión,Antofagasta
10441,C008,Corporación Educacional Norte,Educación,Mediana,Valentina Soto,2023-06-22,2023-08-21,558,>180 días,6642000.0,462000.0,6180000.0,Castigada,Antofagasta
10442,C003,Clínica Santa María SpA,Salud,Mediana,María González,2024-07-09,2024-08-08,205,>180 días,14659000.0,1206000.0,13453000.0,Castigada,Metropolitana
10443,C013,Seguros Continental S.A.,Seguros,Grande,Carlos Rojas,2023-01-07,2023-04-07,694,>180 días,14939000.0,728000.0,14211000.0,Castigada,Metropolitana
10444,C012,Ferretería Industrial Ltda.,Comercio,Pequeña,Andrés Torres,2023-06-04,2023-07-04,606,>180 días,607000.0,31000.0,576000.0,Castigada,Biobío
10445,C001,Constructora Los Andes Ltda.,Construcción,Grande,María González,2024-09-24,2024-12-23,68,61-90 días,34900000.0,4442000.0,30458000.0,Acuerdo de Pago,Metropolitana
10446,C009,Minera Altiplano S.A.,Minería,Grande,Valentina Soto,2024-07-18,2024-10-16,136,91-180 días,6936000.0,2218000.0,4718000.0,Acuerdo de Pago,Biobío
10447,C009,Minera Altiplano S.A.,Minería,Grande,Andrés Torres,2023-10-21,2023-11-20,467,>180 días,77437000.0,3919000.0,73518000.0,Castigada,Valparaíso
10448,C002,Supermercados Del Sur S.A.,Retail,Grande,Valentina Soto,2023-04-09,2023-05-24,647,>180 días,37963000.0,820000.0,37143000.0,Castigada,Araucanía
10449,C005,Inmobiliaria Horizonte S.A.,Inmobiliaria,Mediana,María González,2023-12-29,2024-02-27,368,>180 días,10103000.0,1258000.0,8845000.0,Acuerdo de Pago,Biobío
10450,C007,Restaurante El Huerto SpA,Gastronomía,Pequeña,Carlos Rojas,2024-04-15,2024-05-30,275,>180 días,269000.0,134000.0,135000.0,Acuerdo de Pago,Biobío
10451,C011,Agrícola Valle Verde SpA,Agricultura,Mediana,Andrés Torres,2023-03-24,2023-04-23,678,>180 días,10730000.0,257000.0,10473000.0,Castigada,Antofagasta
10452,C009,Minera Altiplano S.A.,Minería,Grande,Carlos Rojas,2024-05-02,2024-06-01,273,>180 días,15669000.0,158000.0,15511000.0,Castigada,Metropolitana
10453,C008,Corporación Educacional Norte,Educación,Mediana,María González,2024-03-20,2024-05-19,286,>180 días,1872000.0,187000.0,1685000.0,Castigada,Araucanía
10454,C015,Servicios Generales del Sur,Servicios,Pequeña,Valentina Soto,2023-02-13,2023-03-30,702,>180 días,988000.0,62000.0,926000.0,Castigada,Antofagasta
10455,C005,Inmobiliaria Horizonte S.A.,Inmobiliaria,Mediana,Paola Muñoz,2023-02-17,2023-03-19,713,>180 días,6965000.0,3167000.0,3798000.0,Acuerdo de Pago,Araucanía
10456,C010,Tecnologías del Pacífico Ltda.,TI,Pequeña,Paola Muñoz,2024-11-04,2024-12-04,87,61-90 días,1167000.0,0.0,1167000.0,En Gestión,Metropolitana
10457,C004,Transportes Rápido Ltda.,Logística,Pequeña,Andrés Torres,2024-08-24,2024-10-08,144,91-180 días,2227000.0,0.0,2227000.0,En Gestión,Metropolitana
10458,C005,Inmobiliaria Horizonte S.A.,Inmobiliaria,Mediana,Andrés Torres,2023-06-16,2023-07-31,579,>180 días,1154000.0,56000.0,1098000.0,Castigada,Araucanía
10459,C006,Farmacia Cruz Verde S.A.,Retail,Grande,María González,2024-01-29,2024-03-14,352,>180 días,6439000.0,997000.0,5442000.0,Acuerdo de Pago,Araucanía
10460,C012,Ferretería Industrial Ltda.,Comercio,Pequeña,Carlos Rojas,2023-12-21,2024-01-20,406,>180 días,135000.0,3000.0,132000.0,Castigada,Metropolitana
10461,C006,Farmacia Cruz Verde S.A.,Retail,Grande,Paola Muñoz,2024-09-11,2024-12-10,81,61-90 días,78191000.0,0.0,78191000.0,Vencida,Metropolitana
10462,C011,Agrícola Valle Verde SpA,Agricultura,Mediana,Paola Muñoz,2023-10-07,2024-01-05,421,>180 días,2536000.0,115000.0,2421000.0,Castigada,Araucanía
10463,C007,Restaurante El Huerto SpA,Gastronomía,Pequeña,Andrés Torres,2024-03-18,2024-05-02,303,>180 días,1516000.0,243000.0,1273000.0,Acuerdo de Pago,Metropolitana
10464,C013,Seguros Continental S.A.,Seguros,Grande,María González,2024-09-25,2024-11-24,97,91-180 días,29351000.0,0.0,29351000.0,En Gestión,Metropolitana
10465,C005,Inmobiliaria Horizonte S.A.,Inmobiliaria,Mediana,Carlos Rojas,2023-06-07,2023-09-05,543,>180 días,6523000.0,2701000.0,3822000.0,Acuerdo de Pago,Antofagasta
10466,C006,Farmacia Cruz Verde S.A.,Retail,Grande,Paola Muñoz,2024-01-05,2024-02-04,391,>180 días,71906000.0,2268000.0,69638000.0,Castigada,Antofagasta
10467,C006,Farmacia Cruz Verde S.A.,Retail,Grande,María González,2025-02-18,2025-04-19,0,0-30 días,56610000.0,0.0,56610000.0,Vigente,Valparaíso
10468,C002,Supermercados Del Sur S.A.,Retail,Grande,Valentina Soto,2023-07-11,2023-10-09,509,>180 días,68065000.0,3141000.0,64924000.0,Castigada,Araucanía
10469,C007,Restaurante El Huerto SpA,Gastronomía,Pequeña,Valentina Soto,2023-04-16,2023-05-16,655,>180 días,2696000.0,172000.0,2524000.0,Castigada,Metropolitana
10470,C010,Tecnologías del Pacífico Ltda.,TI,Pequeña,María González,2024-09-04,2024-11-03,118,91-180 días,1603000.0,0.0,1603000.0,En Gestión,Biobío
10471,C007,Restaurante El Huerto SpA,Gastronomía,Pequeña,Valentina Soto,2024-02-02,2024-03-03,363,>180 días,1585000.0,590000.0,995000.0,Acuerdo de Pago,Valparaíso
10472,C010,Tecnologías del Pacífico Ltda.,TI,Pequeña,Carlos Rojas,2024-06-17,2024-08-01,212,>180 días,2177000.0,280000.0,1897000.0,Acuerdo de Pago,Valparaíso
10473,C005,Inmobiliaria Horizonte S.A.,Inmobiliaria,Mediana,María González,2023-11-05,2024-01-04,422,>180 días,1170000.0,86000.0,1084000.0,Castigada,Valparaíso
10474,C007,Restaurante El Huerto SpA,Gastronomía,Pequeña,María González,2023-10-10,2024-01-08,418,>180 días,1114000.0,86000.0,1028000.0,Castigada,Biobío
10475,C005,Inmobiliaria Horizonte S.A.,Inmobiliaria,Mediana,Carlos Rojas,2023-09-10,2023-12-09,448,>180 días,3593000.0,35000.0,3558000.0,Castigada,Antofagasta
10476,C002,Supermercados Del Sur S.A.,Retail,Grande,Andrés Torres,2023-05-19,2023-07-18,592,>180 días,54523000.0,114000.0,54409000.0,Castigada,Biobío
10477,C014,Hotel Costanera SpA,Turismo,Mediana,Paola Muñoz,2024-09-27,2024-12-26,65,61-90 días,14550000.0,0.0,14550000.0,Vencida,Antofagasta
10478,C006,Farmacia Cruz Verde S.A.,Retail,Grande,Valentina Soto,2024-03-16,2024-04-30,305,>180 días,62692000.0,1289000.0,61403000.0,Castigada,Valparaíso
10479,C008,Corporación Educacional Norte,Educación,Mediana,Paola Muñoz,2023-11-18,2024-01-02,424,>180 días,9610000.0,3436000.0,6174000.0,Acuerdo de Pago,Biobío
10480,C012,Ferretería Industrial Ltda.,Comercio,Pequeña,Valentina Soto,2024-12-12,2025-03-12,0,0-30 días,2909000.0,0.0,2909000.0,Vigente,Valparaíso
10481,C006,Farmacia Cruz Verde S.A.,Retail,Grande,Andrés Torres,2024-01-21,2024-03-21,345,>180 días,64904000.0,22116000.0,42788000.0,Acuerdo de Pago,Biobío
10482,C002,Supermercados Del Sur S.A.,Retail,Grande,Valentina Soto,2024-07-31,2024-09-14,168,91-180 días,48682000.0,3196000.0,45486000.0,Castigada,Valparaíso
10483,C011,Agrícola Valle Verde SpA,Agricultura,Mediana,Andrés Torres,2024-07-17,2024-08-16,197,>180 días,5736000.0,1089000.0,4647000.0,Acuerdo de Pago,Valparaíso
10484,C008,Corporación Educacional Norte,Educación,Mediana,Andrés Torres,2023-10-26,2023-11-25,462,>180 días,7049000.0,2433000.0,4616000.0,Acuerdo de Pago,Antofagasta
10485,C003,Clínica Santa María SpA,Salud,Mediana,Carlos Rojas,2024-10-10,2024-12-09,82,61-90 días,4370000.0,0.0,4370000.0,En Gestión,Antofagasta
10486,C013,Seguros Continental S.A.,Seguros,Grande,Valentina Soto,2024-01-22,2024-02-21,374,>180 días,19810000.0,566000.0,19244000.0,Castigada,Antofagasta
10487,C010,Tecnologías del Pacífico Ltda.,TI,Pequeña,Paola Muñoz,2024-02-15,2024-05-15,290,>180 días,2555000.0,235000.0,2320000.0,Castigada,Araucanía
10488,C010,Tecnologías del Pacífico Ltda.,TI,Pequeña,Carlos Rojas,2024-10-15,2024-11-14,107,91-180 días,1436000.0,627000.0,809000.0,Acuerdo de Pago,Biobío
10489,C003,Clínica Santa María SpA,Salud,Mediana,Andrés Torres,2024-10-24,2024-11-23,98,91-180 días,11870000.0,211000.0,11659000.0,Castigada,Biobío
10490,C013,Seguros Continental S.A.,Seguros,Grande,Paola Muñoz,2024-03-16,2024-04-15,320,>180 días,45877000.0,198000.0,45679000.0,Castigada,Valparaíso
10491,C009,Minera Altiplano S.A.,Minería,Grande,Andrés Torres,2025-02-03,2025-03-20,0,0-30 días,17361000.0,0.0,17361000.0,Vigente,Biobío
10492,C007,Restaurante El Huerto SpA,Gastronomía,Pequeña,María González,2024-04-19,2024-06-03,271,>180 días,1567000.0,132000.0,1435000.0,Castigada,Antofagasta
10493,C002,Supermercados Del Sur S.A.,Retail,Grande,María González,2023-10-30,2024-01-28,398,>180 días,59960000.0,18189000.0,41771000.0,Acuerdo de Pago,Metropolitana
10494,C014,Hotel Costanera SpA,Turismo,Mediana,Paola Muñoz,2025-01-17,2025-03-03,0,0-30 días,8910000.0,0.0,8910000.0,Vigente,Biobío
10495,C006,Farmacia Cruz Verde S.A.,Retail,Grande,Paola Muñoz,2024-04-11,2024-05-26,279,>180 días,70499000.0,1128000.0,69371000.0,Castigada,Antofagasta
10496,C002,Supermercados Del Sur S.A.,Retail,Grande,Paola Muñoz,2024-03-24,2024-06-22,252,>180 días,39617000.0,2878000.0,36739000.0,Castigada,Metropolitana
10497,C013,Seguros Continental S.A.,Seguros,Grande,Paola Muñoz,2024-12-28,2025-01-27,33,31-60 días,79386000.0,0.0,79386000.0,En Gestión,Metropolitana
10498,C011,Agrícola Valle Verde SpA,Agricultura,Mediana,Valentina Soto,2023-06-18,2023-08-02,577,>180 días,3856000.0,283000.0,3573000.0,Castigada,Valparaíso
10499,C006,Farmacia Cruz Verde S.A.,Retail,Grande,Carlos Rojas,2024-07-27,2024-10-25,127,91-180 días,51199000.0,0.0,51199000.0,En Gestión,Antofagasta
10500,C011,Agrícola Valle Verde SpA,Agricultura,Mediana,Andrés Torres,2023-07-08,2023-08-22,557,>180 días,8759000.0,667000.0,8092000.0,Castigada,Antofagasta
10501,C001,Constructora Los Andes Ltda.,Construcción,Grande,Andrés Torres,2025-01-25,2025-03-11,0,0-30 días,7648000.0,0.0,7648000.0,Vigente,Araucanía
10502,C007,Restaurante El Huerto SpA,Gastronomía,Pequeña,Carlos Rojas,2024-02-03,2024-03-04,362,>180 días,1048000.0,167000.0,881000.0,Acuerdo de Pago,Biobío
10503,C013,Seguros Continental S.A.,Seguros,Grande,Valentina Soto,2024-12-21,2025-01-20,40,31-60 días,27920000.0,6905000.0,21015000.0,Acuerdo de Pago,Valparaíso
10504,C006,Farmacia Cruz Verde S.A.,Retail,Grande,Paola Muñoz,2023-11-30,2024-01-14,412,>180 días,38646000.0,2292000.0,36354000.0,Castigada,Antofagasta
10505,C009,Minera Altiplano S.A.,Minería,Grande,Valentina Soto,2024-10-16,2024-12-15,76,61-90 días,34364000.0,3481000.0,30883000.0,Acuerdo de Pago,Antofagasta
10506,C010,Tecnologías del Pacífico Ltda.,TI,Pequeña,Andrés Torres,2023-04-27,2023-06-26,614,>180 días,2403000.0,22000.0,2381000.0,Castigada,Araucanía
10507,C003,Clínica Santa María SpA,Salud,Mediana,Valentina Soto,2024-11-20,2025-01-19,41,31-60 días,7734000.0,0.0,7734000.0,Vencida,Metropolitana
10508,C011,Agrícola Valle Verde SpA,Agricultura,Mediana,Paola Muñoz,2023-05-18,2023-07-17,593,>180 días,9120000.0,511000.0,8609000.0,Castigada,Metropolitana
10509,C003,Clínica Santa María SpA,Salud,Mediana,Andrés Torres,2024-01-18,2024-03-03,363,>180 días,10471000.0,283000.0,10188000.0,Castigada,Araucanía
10510,C003,Clínica Santa María SpA,Salud,Mediana,Andrés Torres,2024-08-11,2024-11-09,112,91-180 días,7976000.0,47000.0,7929000.0,Castigada,Araucanía
10511,C012,Ferretería Industrial Ltda.,Comercio,Pequeña,Andrés Torres,2024-10-22,2024-12-06,85,61-90 días,2152000.0,894000.0,1258000.0,Acuerdo de Pago,Biobío
10512,C003,Clínica Santa María SpA,Salud,Mediana,Valentina Soto,2023-07-11,2023-09-09,539,>180 días,7163000.0,1657000.0,5506000.0,Acuerdo de Pago,Metropolitana
10513,C014,Hotel Costanera SpA,Turismo,Mediana,Carlos Rojas,2024-01-03,2024-02-02,393,>180 días,2240000.0,134000.0,2106000.0,Castigada,Antofagasta
10514,C009,Minera Altiplano S.A.,Minería,Grande,Andrés Torres,2024-06-01,2024-08-30,183,>180 días,60175000.0,3867000.0,56308000.0,Castigada,Antofagasta
10515,C012,Ferretería Industrial Ltda.,Comercio,Pequeña,Valentina Soto,2024-03-30,2024-06-28,246,>180 días,2378000.0,28000.0,2350000.0,Castigada,Metropolitana
10516,C013,Seguros Continental S.A.,Seguros,Grande,Paola Muñoz,2025-02-18,2025-04-04,0,0-30 días,35743000.0,0.0,35743000.0,Vigente,Metropolitana
10517,C005,Inmobiliaria Horizonte S.A.,Inmobiliaria,Mediana,Andrés Torres,2023-08-19,2023-10-18,500,>180 días,9229000.0,334000.0,8895000.0,Castigada,Araucanía
10518,C012,Ferretería Industrial Ltda.,Comercio,Pequeña,Paola Muñoz,2024-05-22,2024-06-21,253,>180 días,170000.0,14000.0,156000.0,Castigada,Araucanía
10519,C014,Hotel Costanera SpA,Turismo,Mediana,Andrés Torres,2024-01-11,2024-02-10,385,>180 días,8253000.0,3931000.0,4322000.0,Acuerdo de Pago,Araucanía
10520,C004,Transportes Rápido Ltda.,Logística,Pequeña,Carlos Rojas,2024-03-11,2024-04-10,325,>180 días,2631000.0,1149000.0,1482000.0,Acuerdo de Pago,Biobío
10521,C014,Hotel Costanera SpA,Turismo,Mediana,María González,2023-02-03,2023-05-04,667,>180 días,12237000.0,591000.0,11646000.0,Castigada,Antofagasta
10522,C014,Hotel Costanera SpA,Turismo,Mediana,Valentina Soto,2023-05-01,2023-06-15,625,>180 días,2128000.0,106000.0,2022000.0,Castigada,Biobío
10523,C014,Hotel Costanera SpA,Turismo,Mediana,Carlos Rojas,2024-12-28,2025-03-28,0,0-30 días,11213000.0,0.0,11213000.0,Vigente,Araucanía
10524,C003,Clínica Santa María SpA,Salud,Mediana,Valentina Soto,2023-07-31,2023-09-14,534,>180 días,9543000.0,3822000.0,5721000.0,Acuerdo de Pago,Biobío
10525,C009,Minera Altiplano S.A.,Minería,Grande,Paola Muñoz,2023-10-15,2023-11-29,458,>180 días,54272000.0,310000.0,53962000.0,Castigada,Biobío
10526,C010,Tecnologías del Pacífico Ltda.,TI,Pequeña,Andrés Torres,2023-10-01,2023-10-31,487,>180 días,816000.0,74000.0,742000.0,Castigada,Metropolitana
10527,C005,Inmobiliaria Horizonte S.A.,Inmobiliaria,Mediana,Carlos Rojas,2024-11-02,2024-12-17,74,61-90 días,4807000.0,1345000.0,3462000.0,Acuerdo de Pago,Valparaíso
10528,C003,Clínica Santa María SpA,Salud,Mediana,Andrés Torres,2024-12-29,2025-02-27,2,0-30 días,1915000.0,0.0,1915000.0,En Gestión,Antofagasta
10529,C003,Clínica Santa María SpA,Salud,Mediana,Andrés Torres,2024-08-14,2024-10-13,139,91-180 días,1877000.0,26000.0,1851000.0,Castigada,Antofagasta
10530,C002,Supermercados Del Sur S.A.,Retail,Grande,Paola Muñoz,2024-10-10,2024-11-09,112,91-180 días,44932000.0,4043000.0,40889000.0,Castigada,Biobío
10531,C008,Corporación Educacional Norte,Educación,Mediana,María González,2024-05-14,2024-07-13,231,>180 días,10293000.0,577000.0,9716000.0,Castigada,Antofagasta
10532,C011,Agrícola Valle Verde SpA,Agricultura,Mediana,Valentina Soto,2024-11-11,2025-01-10,50,31-60 días,1732000.0,0.0,1732000.0,Vencida,Antofagasta
10533,C004,Transportes Rápido Ltda.,Logística,Pequeña,Paola Muñoz,2024-03-15,2024-04-29,306,>180 días,2946000.0,76000.0,2870000.0,Castigada,Biobío
10534,C006,Farmacia Cruz Verde S.A.,Retail,Grande,Andrés Torres,2024-07-14,2024-08-28,185,>180 días,54063000.0,2508000.0,51555000.0,Castigada,Biobío
10535,C015,Servicios Generales del Sur,Servicios,Pequeña,Andrés Torres,2024-11-29,2024-12-29,62,61-90 días,1114000.0,0.0,1114000.0,En Gestión,Metropolitana
10536,C002,Supermercados Del Sur S.A.,Retail,Grande,Andrés Torres,2023-06-11,2023-09-09,539,>180 días,13557000.0,340000.0,13217000.0,Castigada,Valparaíso
10537,C012,Ferretería Industrial Ltda.,Comercio,Pequeña,Paola Muñoz,2023-05-16,2023-07-15,595,>180 días,1618000.0,19000.0,1599000.0,Castigada,Metropolitana
10538,C011,Agrícola Valle Verde SpA,Agricultura,Mediana,Carlos Rojas,2024-01-05,2024-03-05,361,>180 días,11119000.0,787000.0,10332000.0,Castigada,Metropolitana
10539,C007,Restaurante El Huerto SpA,Gastronomía,Pequeña,Carlos Rojas,2024-10-02,2024-12-01,90,61-90 días,1429000.0,420000.0,1009000.0,Acuerdo de Pago,Antofagasta
10540,C011,Agrícola Valle Verde SpA,Agricultura,Mediana,Andrés Torres,2023-04-04,2023-05-04,667,>180 días,14240000.0,953000.0,13287000.0,Castigada,Metropolitana
10541,C003,Clínica Santa María SpA,Salud,Mediana,Andrés Torres,2024-08-30,2024-10-14,138,91-180 días,6765000.0,369000.0,6396000.0,Castigada,Metropolitana
10542,C001,Constructora Los Andes Ltda.,Construcción,Grande,Andrés Torres,2024-12-13,2025-02-11,18,0-30 días,9670000.0,0.0,9670000.0,En Gestión,Valparaíso
10543,C008,Corporación Educacional Norte,Educación,Mediana,María González,2023-03-14,2023-04-28,673,>180 días,1727000.0,35000.0,1692000.0,Castigada,Metropolitana
10544,C006,Farmacia Cruz Verde S.A.,Retail,Grande,Carlos Rojas,2024-01-12,2024-03-12,354,>180 días,24397000.0,1846000.0,22551000.0,Castigada,Valparaíso
10545,C002,Supermercados Del Sur S.A.,Retail,Grande,Carlos Rojas,2024-06-27,2024-07-27,217,>180 días,43954000.0,3866000.0,40088000.0,Castigada,Antofagasta
10546,C006,Farmacia Cruz Verde S.A.,Retail,Grande,Carlos Rojas,2025-01-09,2025-02-23,6,0-30 días,70293000.0,0.0,70293000.0,En Gestión,Antofagasta
10547,C010,Tecnologías del Pacífico Ltda.,TI,Pequeña,Carlos Rojas,2024-12-04,2025-03-04,0,0-30 días,179000.0,0.0,179000.0,Vigente,Metropolitana
10548,C015,Servicios Generales del Sur,Servicios,Pequeña,Valentina Soto,2023-04-13,2023-05-28,643,>180 días,2737000.0,863000.0,1874000.0,Acuerdo de Pago,Antofagasta
10549,C006,Farmacia Cruz Verde S.A.,Retail,Grande,Carlos Rojas,2024-03-15,2024-05-14,291,>180 días,42336000.0,18155000.0,24181000.0,Acuerdo de Pago,Biobío
10550,C011,Agrícola Valle Verde SpA,Agricultura,Mediana,Valentina Soto,2023-03-28,2023-05-12,659,>180 días,11859000.0,242000.0,11617000.0,Castigada,Araucanía
10551,C005,Inmobiliaria Horizonte S.A.,Inmobiliaria,Mediana,Paola Muñoz,2024-12-08,2025-01-07,53,31-60 días,5020000.0,0.0,5020000.0,Vencida,Valparaíso
10552,C009,Minera Altiplano S.A.,Minería,Grande,Paola Muñoz,2024-09-13,2024-10-28,124,91-180 días,48320000.0,0.0,48320000.0,En Gestión,Metropolitana
10553,C013,Seguros Continental S.A.,Seguros,Grande,Carlos Rojas,2023-09-03,2023-12-02,455,>180 días,34698000.0,548000.0,34150000.0,Castigada,Antofagasta
10554,C011,Agrícola Valle Verde SpA,Agricultura,Mediana,María González,2024-08-31,2024-09-30,152,91-180 días,12106000.0,1038000.0,11068000.0,Castigada,Biobío
10555,C015,Servicios Generales del Sur,Servicios,Pequeña,Valentina Soto,2023-11-21,2024-01-05,421,>180 días,2952000.0,42000.0,2910000.0,Castigada,Antofagasta
10556,C006,Farmacia Cruz Verde S.A.,Retail,Grande,María González,2024-07-13,2024-08-27,186,>180 días,20151000.0,7289000.0,12862000.0,Acuerdo de Pago,Metropolitana
10557,C010,Tecnologías del Pacífico Ltda.,TI,Pequeña,María González,2023-03-11,2023-04-10,691,>180 días,1884000.0,16000.0,1868000.0,Castigada,Metropolitana
10558,C013,Seguros Continental S.A.,Seguros,Grande,Valentina Soto,2024-02-12,2024-04-12,323,>180 días,71181000.0,6884000.0,64297000.0,Castigada,Antofagasta
10559,C007,Restaurante El Huerto SpA,Gastronomía,Pequeña,María González,2024-12-19,2025-03-19,0,0-30 días,2037000.0,0.0,2037000.0,Vigente,Araucanía
10560,C009,Minera Altiplano S.A.,Minería,Grande,Paola Muñoz,2024-09-22,2024-11-06,115,91-180 días,52600000.0,14254000.0,38346000.0,Acuerdo de Pago,Metropolitana
10561,C009,Minera Altiplano S.A.,Minería,Grande,Andrés Torres,2023-07-28,2023-09-11,537,>180 días,17168000.0,905000.0,16263000.0,Castigada,Araucanía
10562,C011,Agrícola Valle Verde SpA,Agricultura,Mediana,Andrés Torres,2024-10-27,2024-11-26,95,91-180 días,13464000.0,5286000.0,8178000.0,Acuerdo de Pago,Valparaíso
10563,C001,Constructora Los Andes Ltda.,Construcción,Grande,María González,2023-09-08,2023-10-08,510,>180 días,19056000.0,6028000.0,13028000.0,Acuerdo de Pago,Antofagasta
10564,C010,Tecnologías del Pacífico Ltda.,TI,Pequeña,Carlos Rojas,2024-09-15,2024-10-15,137,91-180 días,1466000.0,628000.0,838000.0,Acuerdo de Pago,Metropolitana
10565,C001,Constructora Los Andes Ltda.,Construcción,Grande,Carlos Rojas,2024-12-25,2025-02-08,21,0-30 días,39445000.0,0.0,39445000.0,En Gestión,Antofagasta
10566,C006,Farmacia Cruz Verde S.A.,Retail,Grande,Carlos Rojas,2024-06-19,2024-08-18,195,>180 días,67119000.0,4779000.0,62340000.0,Castigada,Biobío
10567,C012,Ferretería Industrial Ltda.,Comercio,Pequeña,Andrés Torres,2023-05-01,2023-05-31,640,>180 días,796000.0,11000.0,785000.0,Castigada,Biobío
10568,C009,Minera Altiplano S.A.,Minería,Grande,Valentina Soto,2023-03-07,2023-05-06,665,>180 días,31096000.0,11209000.0,19887000.0,Acuerdo de Pago,Metropolitana
10569,C008,Corporación Educacional Norte,Educación,Mediana,Valentina Soto,2024-04-11,2024-06-10,264,>180 días,5933000.0,280000.0,5653000.0,Castigada,Valparaíso
10570,C006,Farmacia Cruz Verde S.A.,Retail,Grande,Valentina Soto,2023-06-11,2023-08-10,569,>180 días,78433000.0,29057000.0,49376000.0,Acuerdo de Pago,Metropolitana
10571,C004,Transportes Rápido Ltda.,Logística,Pequeña,María González,2025-01-28,2025-02-27,2,0-30 días,302000.0,0.0,302000.0,Vencida,Valparaíso
10572,C001,Constructora Los Andes Ltda.,Construcción,Grande,Carlos Rojas,2024-04-28,2024-06-27,247,>180 días,18116000.0,1516000.0,16600000.0,Castigada,Valparaíso
10573,C015,Servicios Generales del Sur,Servicios,Pequeña,Carlos Rojas,2023-02-06,2023-05-07,664,>180 días,2113000.0,108000.0,2005000.0,Castigada,Antofagasta
10574,C015,Servicios Generales del Sur,Servicios,Pequeña,Paola Muñoz,2025-01-07,2025-03-08,0,0-30 días,196000.0,0.0,196000.0,Vigente,Metropolitana
10575,C010,Tecnologías del Pacífico Ltda.,TI,Pequeña,María González,2024-01-17,2024-02-16,379,>180 días,2821000.0,246000.0,2575000.0,Castigada,Valparaíso
10576,C004,Transportes Rápido Ltda.,Logística,Pequeña,María González,2024-06-12,2024-07-12,232,>180 días,2028000.0,414000.0,1614000.0,Acuerdo de Pago,Antofagasta
10577,C014,Hotel Costanera SpA,Turismo,Mediana,Valentina Soto,2023-10-17,2023-12-16,441,>180 días,10390000.0,115000.0,10275000.0,Castigada,Antofagasta
10578,C001,Constructora Los Andes Ltda.,Construcción,Grande,Paola Muñoz,2024-01-13,2024-02-27,368,>180 días,38529000.0,2106000.0,36423000.0,Castigada,Araucanía
10579,C004,Transportes Rápido Ltda.,Logística,Pequeña,Andrés Torres,2024-04-20,2024-06-19,255,>180 días,421000.0,18000.0,403000.0,Castigada,Valparaíso
10580,C012,Ferretería Industrial Ltda.,Comercio,Pequeña,Andrés Torres,2024-07-13,2024-08-27,186,>180 días,2762000.0,77000.0,2685000.0,Castigada,Metropolitana
10581,C004,Transportes Rápido Ltda.,Logística,Pequeña,María González,2024-07-08,2024-09-06,176,91-180 días,2741000.0,207000.0,2534000.0,Castigada,Biobío
10582,C001,Constructora Los Andes Ltda.,Construcción,Grande,Paola Muñoz,2025-02-16,2025-05-17,0,0-30 días,65368000.0,0.0,65368000.0,Vigente,Metropolitana
10583,C004,Transportes Rápido Ltda.,Logística,Pequeña,María González,2024-06-26,2024-08-10,203,>180 días,2505000.0,71000.0,2434000.0,Castigada,Valparaíso
10584,C012,Ferretería Industrial Ltda.,Comercio,Pequeña,Carlos Rojas,2023-10-14,2023-11-13,474,>180 días,2141000.0,116000.0,2025000.0,Castigada,Araucanía
10585,C007,Restaurante El Huerto SpA,Gastronomía,Pequeña,María González,2024-12-18,2025-02-16,13,0-30 días,136000.0,0.0,136000.0,Vencida,Araucanía
10586,C002,Supermercados Del Sur S.A.,Retail,Grande,Andrés Torres,2024-06-01,2024-07-16,228,>180 días,40158000.0,1194000.0,38964000.0,Castigada,Metropolitana
10587,C010,Tecnologías del Pacífico Ltda.,TI,Pequeña,Carlos Rojas,2024-08-04,2024-09-03,179,91-180 días,240000.0,22000.0,218000.0,Castigada,Valparaíso
10588,C005,Inmobiliaria Horizonte S.A.,Inmobiliaria,Mediana,Andrés Torres,2023-09-25,2023-11-24,463,>180 días,10349000.0,4729000.0,5620000.0,Acuerdo de Pago,Biobío
10589,C006,Farmacia Cruz Verde S.A.,Retail,Grande,Carlos Rojas,2024-04-08,2024-06-07,267,>180 días,18900000.0,1502000.0,17398000.0,Castigada,Valparaíso
10590,C013,Seguros Continental S.A.,Seguros,Grande,Carlos Rojas,2024-08-21,2024-09-20,162,91-180 días,7600000.0,3361000.0,4239000.0,Acuerdo de Pago,Antofagasta
10591,C008,Corporación Educacional Norte,Educación,Mediana,Paola Muñoz,2023-11-18,2024-02-16,379,>180 días,1891000.0,113000.0,1778000.0,Castigada,Valparaíso
10592,C008,Corporación Educacional Norte,Educación,Mediana,María González,2023-11-12,2024-02-10,385,>180 días,2314000.0,155000.0,2159000.0,Castigada,Metropolitana
10593,C003,Clínica Santa María SpA,Salud,Mediana,Valentina Soto,2024-12-03,2025-02-01,28,0-30 días,13306000.0,0.0,13306000.0,En Gestión,Metropolitana
10594,C004,Transportes Rápido Ltda.,Logística,Pequeña,Carlos Rojas,2023-12-02,2024-01-16,410,>180 días,1019000.0,44000.0,975000.0,Castigada,Biobío
10595,C007,Restaurante El Huerto SpA,Gastronomía,Pequeña,Paola Muñoz,2024-06-09,2024-07-09,235,>180 días,2688000.0,746000.0,1942000.0,Acuerdo de Pago,Valparaíso
10596,C001,Constructora Los Andes Ltda.,Construcción,Grande,Valentina Soto,2024-02-19,2024-05-19,286,>180 días,50532000.0,3551000.0,46981000.0,Castigada,Valparaíso
10597,C002,Supermercados Del Sur S.A.,Retail,Grande,Carlos Rojas,2024-04-18,2024-05-18,287,>180 días,22808000.0,5789000.0,17019000.0,Acuerdo de Pago,Metropolitana
10598,C001,Constructora Los Andes Ltda.,Construcción,Grande,Andrés Torres,2023-03-05,2023-04-19,682,>180 días,41575000.0,2497000.0,39078000.0,Castigada,Biobío
10599,C011,Agrícola Valle Verde SpA,Agricultura,Mediana,Paola Muñoz,2024-10-07,2024-11-06,115,91-180 días,8088000.0,57000.0,8031000.0,Castigada,Metropolitana
10600,C001,Constructora Los Andes Ltda.,Construcción,Grande,Andrés Torres,2023-03-08,2023-04-22,679,>180 días,24079000.0,2848000.0,21231000.0,Acuerdo de Pago,Valparaíso
